Source,Target,Weight
126,125001,1
125001,125,2
125,124,1
124,106,2
106,161,2
161,162,1
162,163,3
163,164,1
163,165,1
165,166,1
166,168,2
165,170,1
170,171001,3
171001,171,1
171,172,1
171001,173,2
173,179,2
173,174,1
179,179001,1
179,177,1
168,169,1
124,127,0
128,129,1
129,130,1
127001,131001,2
131,132,1
131001,131,1
131,133,1
133,134,1
131001,135,2
135,136,2
136,137,1
136,138,1
136,139,1
141,143,2
143,144,1
144,145,1
141,142,1
141,140001,1
140001,151,2
151,152,1
124,107,1
107,108,3
108,109,1
109,110,2
110,111,1
110,112,2
112,113,1
113,114,1
115,116,1
116,117,1
119,118,1
117,119,1
106,105,1
105,102,1
102,100,1
100,101,1
102,103,2
103,104,1
100,96,2
96,97,2
97,98,1
98,99,1
96,93,1
93,94,1
94,95,1
93,92,1
92,91,1
91,160,4
160,159001,1
159001,159,1
159,156,2
156,157,2
157,158,1
156,155,1
155,154,1
155,153,3
55,59,5
59,60,2
60,61,1
60,62,1
141,147,2
147,148,1
148,150,1
148,149,1
63,64,1
64,65,1
65,66,1
67,68,1
68,69,1
68,70,1
70,71,2
55,56,1
56,57,1
57,58,1
52,53,1
53,54,1
55,52,2
52,46001,3
46001,50,1
50,51,1
46001,47,2
47,48,1
48,49,1
41,42,1
42,45,1
45,46,1
45001,41,2
41,35,4
35,36,1
36,39,1
39,40,1
36,37,1
35,31,2
31,32,1
32,33,1
91,90,0
90,89,1
31,28,2
28001,28,1
28,29,2
29,30,1
90,28001,1
28001,27,3
27,26,1
26,23,1
83,77,3
77,81,2
81,78,1
78,79,2
79,80,1
84,85,1
115,120,2
120,121,1
121,122,2
122,123,1
77,75,4
77,76,1
73,74,1
219,220,1
220,221,2
221,222,1
222,223,1
221,223001,2
223001,224,1
224,225,2
225,226,1
215,214,1
214,216,1
216,217,1
216,218,1
214,203,2
215001,202001,1
203,204,1
204,205,1
204,211,1
211,212,1
205,206,2
206,207,1
207,208,1
208,213,1
208,209,1
209,210,1
203,201,2
201,200001,1
200001,199,2
234,230,1
230,231,2
231,232,1
232,233,1
199,196,1
196,197,2
197,198,1
199,192,2
192,194,1
194,195,1
192,193,1
234,234001,1
236,237,1
237,238,2
238,239,1
192,190001,3
190001,190,1
187,186,1
186,185,1
187,188,2
188,189,1
235001,241,1
241,242,1
241,243,1
243,244,1
244,245,2
182,183,1
183,184,1
187,182,0
182,249,2
249,248,1
248,247,3
247,246,1
246,245,1
180001,249,3
180001,181,1
187,190,2
190,191,1
180004,180003,1
180002,180003,1
180,180001,1
199,200,1
202001,284,2
287,286,1
286,285,2
285,284,1
202001,38,1
274,275,1
275,276,1
268,269,1
271,270,1
318,317,1
317,316,2
316,315,1
315,313,1
313,314,1
313,312,3
312,310,1
310,311,1
310,309,2
309,297,1
297,298,1
298,299,1
297,296,1
296,294,2
294,293,1
293,229,3
293,291,1
296,295,1
288,289,1
289,290,1
288,282,2
282,277,1
277,278,1
278,279,1
279,280,2
280,281,1
271,272,1
271,273,1
268,260001,2
262,261,1
262,263,1
255,258,2
258,259,1
259,260,1
255,256,1
256,257,1
255,254,1
421,180002,2
420,421,1
419,420,1
418,419,2
416,418,1
417,416,1
416,415,2
415,250001,1
415,414,1
414,413,1
22,21,1
21,19,2
19,18,1
319,320,1
21,20,1
297,302,3
302,303,1
305,306,1
306,307,1
320,321,1
322,323,1
301,300,1
324,368,1
368,367,1
367,369,1
365,325,2
365,362,2
362,361,1
361,360001,2
360001,360,1
360,359,1
366,364,1
364,363,1
325,327,1
327,326,1
327,328,1
328,329,1
330,334,2
324,331,0
331,333,1
333,336,2
331,332,1
254,250,3
250,341,2
341,340,1
340,338,1
338,337,2
338,339,1
341,342,1
342,343,1
343,344,1
250,251,1
251,252,2
252,253,1
250002,250003,1
412,411,1
411,410,2
410,409,1
409,408,1
408,407001,3
407001,406,3
407001,350,1
407,350,1
350,350001,1
350001,351,1
350001,352,2
350001,356,2
350,345,2
345,346,1
346,347,2
347,348,1
348,349,1
334,335,1
406,405,1
352,353,1
353,354,1
354,355,1
356,357,1
357,358,1
368,370,1
371,372,2
372,373,2
373,374,1
372,378,1
378,379,2
379,380,1
380,381,2
381,382,1
372,376,1
376,384,3
384,383,1
378,377,1
396001,397,1
397,398,1
400,401,1
401,402,2
402,403,1
18,11,1
11,10,1
9,8,1
18,15,3
15,13,2
12,14,1
14,6,1
6,5,2
5,8,1
13,12,1
15,16,1
15,17,1
601,384,1
601,385,1
385,387,2
387,388,1
388,389,2
389,390,1
390,391,1
391,392,1
392,393,1
393,394,2
394,395,1
395,396,1
4,2,2
2,3,1
2,1,1
250,250003,2
4,8,1
8,7,1
32,34,1
235,235001,1
106,82,0
180004,266,5
258001,259001,1
82,228,1
227,229,1
227,215001,3
319,315,2
59,63,1
63,67,3
260001,262,2
23,22,3
115,108,3
213,234,0
288,291,5
319,322,4
325,330,1
336,337,1
334,345,3
152,153,1
256001,258001,1
258001,257001,1
257001,264,1
264,260001,1
265,268,1
268,274,3
274,277,2
405,404,1
400,399,1
404,399,2
399,396001,2
220,215001,3
75,73,1
83,84,2
83,86,1
86,87,1
89,87,4
229,75,2
202001,82,0
250001,412,4
43,417,2
269,271,2
234001,235,4
234001,238,3
238,240,1
239,189,3
250002,44,1
43,422,1
250004,413,1
23,24,1
24,24001,2
24001,25,1
46001,45001,1
71,71001,1
71001,72,1
127,127001,1
127001,128,1
301001,366,1
365,301001,1
301001,301,1
303,304,1
304,305,2
422,180,2
322,324,2
385,88,1
13,385,0
123,82,1
135,141,1
150,71,4
370,371,1
256001,254,4
266,38,1
