Source,Target,Weight,1,2,3,4,5,6,7,8,9,10,11,12,13,14,15,16,17,18,19,20,21,22,23,24,25,26,27,28,29,30,31,32,33,34,35,36,37,38,39,40,41,42,43,44,45,46,47,48
2,1,-1.8751655,-1.8688099,-1.862453,-1.856104,-1.862453,-1.8688099,-1.8751647,-1.8815138,-1.8878709,-1.8942283,-1.8878709,-1.8815138,-1.8751647,-1.8688099,-1.862453,-1.856104,-1.862453,-1.8688099,-1.8751647,-1.8815138,-1.8878709,-1.8942283,-1.8878709,-1.8815138,-1.8751647,-1.8688099,-1.862453,-1.856104,-1.862453,-1.8688099,-1.8751647,-1.8815138,-1.8878709,-1.8942283,-1.8878709,-1.8815138,-1.8751647,-1.8688099,-1.862453,-1.856104,-1.862453,-1.8688099,-1.8751647,-1.8815138,-1.8878709,-1.8942283,-1.8878709,-1.8815138,-1.8751647
2,3,-2.9535117,-2.9435236,-2.9335058,-2.9235008,-2.9335058,-2.9435236,-2.9535298,-2.9635432,-2.9735582,-2.9835677,-2.9735582,-2.9635432,-2.9535298,-2.9435236,-2.9335058,-2.9235008,-2.9335058,-2.9435236,-2.9535298,-2.9635432,-2.9735582,-2.9835677,-2.9735582,-2.9635432,-2.9535298,-2.9435236,-2.9335058,-2.9235008,-2.9335058,-2.9435236,-2.9535298,-2.9635432,-2.9735582,-2.9835677,-2.9735582,-2.9635432,-2.9535298,-2.9435236,-2.9335058,-2.9235008,-2.9335058,-2.9435236,-2.9535298,-2.9635432,-2.9735582,-2.9835677,-2.9735582,-2.9635432,-2.9535298
4,3,-0.82232064,-0.82020813,-0.8174244,-0.8146355,-0.8174244,-0.82021433,-0.82300323,-0.8257929,-0.8285845,-0.83137435,-0.8285845,-0.8257929,-0.82300323,-0.82021433,-0.8174244,-0.8146355,-0.8174244,-0.82021433,-0.82300323,-0.8257929,-0.8285845,-0.83137435,-0.8285845,-0.8257929,-0.82300323,-0.82021433,-0.8174244,-0.8146355,-0.8174244,-0.82021433,-0.82300323,-0.8257929,-0.8285845,-0.83137435,-0.8285845,-0.8257929,-0.82300323,-0.82021433,-0.8174244,-0.8146355,-0.8174244,-0.82021433,-0.82300323,-0.8257929,-0.8285845,-0.83137435,-0.8285845,-0.8257929,-0.82300323
1,4,-1.1743186,-1.1697958,-1.1658119,-1.1618315,-1.1658119,-1.1697911,-1.1737696,-1.177748,-1.1817266,-1.1857057,-1.1817266,-1.177748,-1.1737696,-1.1697911,-1.1658119,-1.1618315,-1.1658119,-1.1697911,-1.1737696,-1.177748,-1.1817266,-1.1857057,-1.1817266,-1.177748,-1.1737696,-1.1697911,-1.1658119,-1.1618315,-1.1658119,-1.1697911,-1.1737696,-1.177748,-1.1817266,-1.1857057,-1.1817266,-1.177748,-1.1737696,-1.1697911,-1.1658119,-1.1618315,-1.1658119,-1.1697911,-1.1737696,-1.177748,-1.1817266,-1.1857057,-1.1817266,-1.177748,-1.1737696
4,5,-2.6102595,-2.6012735,-2.5924268,-2.5835814,-2.5924268,-2.6012735,-2.6101263,-2.6189716,-2.6278195,-2.6366649,-2.6278195,-2.6189716,-2.6101263,-2.6012735,-2.5924268,-2.5835814,-2.5924268,-2.6012735,-2.6101263,-2.6189716,-2.6278195,-2.6366649,-2.6278195,-2.6189716,-2.6101263,-2.6012735,-2.5924268,-2.5835814,-2.5924268,-2.6012735,-2.6101263,-2.6189716,-2.6278195,-2.6366649,-2.6278195,-2.6189716,-2.6101263,-2.6012735,-2.5924268,-2.5835814,-2.5924268,-2.6012735,-2.6101263,-2.6189716,-2.6278195,-2.6366649,-2.6278195,-2.6189716,-2.6101263
5,6,-7.2490377,-7.2244596,-7.1998887,-7.1753163,-7.1998887,-7.2244596,-7.2490377,-7.273608,-7.2981796,-7.322752,-7.2981796,-7.273608,-7.2490377,-7.2244596,-7.1998887,-7.1753163,-7.1998887,-7.2244596,-7.2490377,-7.273608,-7.2981796,-7.322752,-7.2981796,-7.273608,-7.2490377,-7.2244596,-7.1998887,-7.1753163,-7.1998887,-7.2244596,-7.2490377,-7.273608,-7.2981796,-7.322752,-7.2981796,-7.273608,-7.2490377,-7.2244596,-7.1998887,-7.1753163,-7.1998887,-7.2244596,-7.2490377,-7.273608,-7.2981796,-7.322752,-7.2981796,-7.273608,-7.2490377
7,6,-50.404793,-50.233967,-50.062996,-49.892166,-50.062996,-50.233967,-50.404797,-50.57561,-50.746597,-50.91736,-50.746597,-50.57561,-50.404797,-50.233967,-50.062996,-49.892166,-50.062996,-50.233967,-50.404797,-50.57561,-50.746597,-50.91736,-50.746597,-50.57561,-50.404797,-50.233967,-50.062996,-49.892166,-50.062996,-50.233967,-50.404797,-50.57561,-50.746597,-50.91736,-50.746597,-50.57561,-50.404797,-50.233967,-50.062996,-49.892166,-50.062996,-50.233967,-50.404797,-50.57561,-50.746597,-50.91736,-50.746597,-50.57561,-50.404797
6,8,1.8228647,1.8166885,1.8105083,1.804326,1.8105083,1.8166885,1.8228647,1.829045,1.8352276,1.8414081,1.8352276,1.829045,1.8228647,1.8166885,1.8105083,1.804326,1.8105083,1.8166885,1.8228647,1.829045,1.8352276,1.8414081,1.8352276,1.829045,1.8228647,1.8166885,1.8105083,1.804326,1.8105083,1.8166885,1.8228647,1.829045,1.8352276,1.8414081,1.8352276,1.829045,1.8228647,1.8166885,1.8105083,1.804326,1.8105083,1.8166885,1.8228647,1.829045,1.8352276,1.8414081,1.8352276,1.829045,1.8228647
8,9,2.2899837,2.2822237,2.2744563,2.2666945,2.2744563,2.2822237,2.2899837,2.2977455,2.305513,2.3132782,2.305513,2.2977455,2.2899837,2.2822237,2.2744563,2.2666945,2.2744563,2.2822237,2.2899837,2.2977455,2.305513,2.3132782,2.305513,2.2977455,2.2899837,2.2822237,2.2744563,2.2666945,2.2744563,2.2822237,2.2899837,2.2977455,2.305513,2.3132782,2.305513,2.2977455,2.2899837,2.2822237,2.2744563,2.2666945,2.2744563,2.2822237,2.2899837,2.2977455,2.305513,2.3132782,2.305513,2.2977455,2.2899837
7,10,4.193218,4.179001,4.164781,4.1505713,4.164781,4.179001,4.193218,4.207429,4.221648,4.235871,4.221648,4.207429,4.193218,4.179001,4.164781,4.1505713,4.164781,4.179001,4.193218,4.207429,4.221648,4.235871,4.221648,4.207429,4.193218,4.179001,4.164781,4.1505713,4.164781,4.179001,4.193218,4.207429,4.221648,4.235871,4.221648,4.207429,4.193218,4.179001,4.164781,4.1505713,4.164781,4.179001,4.193218,4.207429,4.221648,4.235871,4.221648,4.207429,4.193218
9,10,8.391127,8.362677,8.334233,8.305783,8.334233,8.362677,8.391127,8.419577,8.448027,8.476475,8.448027,8.419577,8.391127,8.362677,8.334233,8.305783,8.334233,8.362677,8.391127,8.419577,8.448027,8.476475,8.448027,8.419577,8.391127,8.362677,8.334233,8.305783,8.334233,8.362677,8.391127,8.419577,8.448027,8.476475,8.448027,8.419577,8.391127,8.362677,8.334233,8.305783,8.334233,8.362677,8.391127,8.419577,8.448027,8.476475,8.448027,8.419577,8.391127
10,12,-1.1424578,-1.1385936,-1.1347224,-1.130849,-1.1347224,-1.1385936,-1.142467,-1.1463389,-1.1502126,-1.1540848,-1.1502126,-1.1463389,-1.142467,-1.1385936,-1.1347224,-1.130849,-1.1347224,-1.1385936,-1.142467,-1.1463389,-1.1502126,-1.1540848,-1.1502126,-1.1463389,-1.142467,-1.1385936,-1.1347224,-1.130849,-1.1347224,-1.1385936,-1.142467,-1.1463389,-1.1502126,-1.1540848,-1.1502126,-1.1463389,-1.142467,-1.1385936,-1.1347224,-1.130849,-1.1347224,-1.1385936,-1.142467,-1.1463389,-1.1502126,-1.1540848,-1.1502126,-1.1463389,-1.142467
9,11,-0.16871926,-0.16814725,-0.16757536,-0.1670039,-0.16757536,-0.16814725,-0.16871879,-0.1692907,-0.16986273,-0.17043513,-0.16986273,-0.1692907,-0.16871879,-0.16814725,-0.16757536,-0.1670039,-0.16757536,-0.16814725,-0.16871879,-0.1692907,-0.16986273,-0.17043513,-0.16986273,-0.1692907,-0.16871879,-0.16814725,-0.16757536,-0.1670039,-0.16757536,-0.16814725,-0.16871879,-0.1692907,-0.16986273,-0.17043513,-0.16986273,-0.1692907,-0.16871879,-0.16814725,-0.16757536,-0.1670039,-0.16757536,-0.16814725,-0.16871879,-0.1692907,-0.16986273,-0.17043513,-0.16986273,-0.1692907,-0.16871879
12,11,-0.75366884,-0.75111216,-0.74855787,-0.74600464,-0.74855787,-0.75111216,-0.7536677,-0.75622207,-0.7587765,-0.7613325,-0.7587765,-0.75622207,-0.7536677,-0.75111216,-0.74855787,-0.74600464,-0.74855787,-0.75111216,-0.7536677,-0.75622207,-0.7587765,-0.7613325,-0.7587765,-0.75622207,-0.7536677,-0.75111216,-0.74855787,-0.74600464,-0.74855787,-0.75111216,-0.7536677,-0.75622207,-0.7587765,-0.7613325,-0.7587765,-0.75622207,-0.7536677,-0.75111216,-0.74855787,-0.74600464,-0.74855787,-0.75111216,-0.7536677,-0.75622207,-0.7587765,-0.7613325,-0.7587765,-0.75622207,-0.7536677
11,14,-1.4352574,-1.4303935,-1.4255279,-1.4206641,-1.4255279,-1.4303935,-1.4352573,-1.4401212,-1.4449868,-1.449855,-1.4449868,-1.4401212,-1.4352573,-1.4303935,-1.4255279,-1.4206641,-1.4255279,-1.4303935,-1.4352573,-1.4401212,-1.4449868,-1.449855,-1.4449868,-1.4401212,-1.4352573,-1.4303935,-1.4255279,-1.4206641,-1.4255279,-1.4303935,-1.4352573,-1.4401212,-1.4449868,-1.449855,-1.4449868,-1.4401212,-1.4352573,-1.4303935,-1.4255279,-1.4206641,-1.4255279,-1.4303935,-1.4352573,-1.4401212,-1.4449868,-1.449855,-1.4449868,-1.4401212,-1.4352573
80,13,-6.1969433,-6.1759324,-6.154938,-6.133927,-6.154938,-6.1759324,-6.1969433,-6.2179484,-6.23896,-6.259973,-6.23896,-6.2179484,-6.1969433,-6.1759324,-6.154938,-6.133927,-6.154938,-6.1759324,-6.1969433,-6.2179484,-6.23896,-6.259973,-6.23896,-6.2179484,-6.1969433,-6.1759324,-6.154938,-6.133927,-6.154938,-6.1759324,-6.1969433,-6.2179484,-6.23896,-6.259973,-6.23896,-6.2179484,-6.1969433,-6.1759324,-6.154938,-6.133927,-6.154938,-6.1759324,-6.1969433,-6.2179484,-6.23896,-6.259973,-6.23896,-6.2179484,-6.1969433
14,15,2.1306138,2.1233926,2.1161702,2.1089478,2.1161702,2.1233926,2.1306138,2.1378365,2.1450639,2.1522863,2.1450639,2.1378365,2.1306138,2.1233926,2.1161702,2.1089478,2.1161702,2.1233926,2.1306138,2.1378365,2.1450639,2.1522863,2.1450639,2.1378365,2.1306138,2.1233926,2.1161702,2.1089478,2.1161702,2.1233926,2.1306138,2.1378365,2.1450639,2.1522863,2.1450639,2.1378365,2.1306138,2.1233926,2.1161702,2.1089478,2.1161702,2.1233926,2.1306138,2.1378365,2.1450639,2.1522863,2.1450639,2.1378365,2.1306138
12,15,2.807982,2.798464,2.7889383,2.7794237,2.7889383,2.798464,2.8079832,2.8174965,2.8270226,2.8365414,2.8270226,2.8174965,2.8079832,2.798464,2.7889383,2.7794237,2.7889383,2.798464,2.8079832,2.8174965,2.8270226,2.8365414,2.8270226,2.8174965,2.8079832,2.798464,2.7889383,2.7794237,2.7889383,2.798464,2.8079832,2.8174965,2.8270226,2.8365414,2.8270226,2.8174965,2.8079832,2.798464,2.7889383,2.7794237,2.7889383,2.798464,2.8079832,2.8174965,2.8270226,2.8365414,2.8270226,2.8174965,2.8079832
16,17,-0.5544207,-0.54936445,-0.5474816,-0.5456144,-0.5474816,-0.54935044,-0.55121905,-0.55308765,-0.5549569,-0.5568251,-0.5549569,-0.55308765,-0.55121905,-0.54935044,-0.5474816,-0.5456144,-0.5474816,-0.54935044,-0.55121905,-0.55308765,-0.5549569,-0.5568251,-0.5549569,-0.55308765,-0.55121905,-0.54935044,-0.5474816,-0.5456144,-0.5474816,-0.54935044,-0.55121905,-0.55308765,-0.5549569,-0.5568251,-0.5549569,-0.55308765,-0.55121905,-0.54935044,-0.5474816,-0.5456144,-0.5474816,-0.54935044,-0.55121905,-0.55308765,-0.5549569,-0.5568251,-0.5549569,-0.55308765,-0.55121905
18,17,-8.115421,-8.087899,-8.060403,-8.032875,-8.060403,-8.087899,-8.115421,-8.142943,-8.170438,-8.197964,-8.170438,-8.142943,-8.115421,-8.087899,-8.060403,-8.032875,-8.060403,-8.087899,-8.115421,-8.142943,-8.170438,-8.197964,-8.170438,-8.142943,-8.115421,-8.087899,-8.060403,-8.032875,-8.060403,-8.087899,-8.115421,-8.142943,-8.170438,-8.197964,-8.170438,-8.142943,-8.115421,-8.087899,-8.060403,-8.032875,-8.060403,-8.087899,-8.115421,-8.142943,-8.170438,-8.197964,-8.170438,-8.142943,-8.115421
15,18,14.931845,14.881217,14.830625,14.779996,14.830625,14.881217,14.931846,14.982487,15.033115,15.083707,15.033115,14.982487,14.931846,14.881217,14.830625,14.779996,14.830625,14.881217,14.931846,14.982487,15.033115,15.083707,15.033115,14.982487,14.931846,14.881217,14.830625,14.779996,14.830625,14.881217,14.931846,14.982487,15.033115,15.083707,15.033115,14.982487,14.931846,14.881217,14.830625,14.779996,14.830625,14.881217,14.931846,14.982487,15.033115,15.083707,15.033115,14.982487,14.931846
19,18,-1.017352,-1.0138735,-1.0104216,-1.006973,-1.0104216,-1.0138735,-1.017322,-1.0207704,-1.0242189,-1.0276673,-1.0242189,-1.0207704,-1.017322,-1.0138735,-1.0104216,-1.006973,-1.0104216,-1.0138735,-1.017322,-1.0207704,-1.0242189,-1.0276673,-1.0242189,-1.0207704,-1.017322,-1.0138735,-1.0104216,-1.006973,-1.0104216,-1.0138735,-1.017322,-1.0207704,-1.0242189,-1.0276673,-1.0242189,-1.0207704,-1.017322,-1.0138735,-1.0104216,-1.006973,-1.0104216,-1.0138735,-1.017322,-1.0207704,-1.0242189,-1.0276673,-1.0242189,-1.0207704,-1.017322
14,19,-2.512411,-2.5038967,-2.4953759,-2.4868603,-2.4953759,-2.5038967,-2.512411,-2.520927,-2.5294464,-2.5379677,-2.5294464,-2.520927,-2.512411,-2.5038967,-2.4953759,-2.4868603,-2.4953759,-2.5038967,-2.512411,-2.520927,-2.5294464,-2.5379677,-2.5294464,-2.520927,-2.512411,-2.5038967,-2.4953759,-2.4868603,-2.4953759,-2.5038967,-2.512411,-2.520927,-2.5294464,-2.5379677,-2.5294464,-2.520927,-2.512411,-2.5038967,-2.4953759,-2.4868603,-2.4953759,-2.5038967,-2.512411,-2.520927,-2.5294464,-2.5379677,-2.5294464,-2.520927,-2.512411
20,19,-7.056935,-7.033011,-7.0090637,-6.98514,-7.0090637,-7.033011,-7.056935,-7.080859,-7.104783,-7.128707,-7.104783,-7.080859,-7.056935,-7.033011,-7.0090637,-6.98514,-7.0090637,-7.033011,-7.056935,-7.080859,-7.104783,-7.128707,-7.104783,-7.080859,-7.056935,-7.033011,-7.0090637,-6.98514,-7.0090637,-7.033011,-7.056935,-7.080859,-7.104783,-7.128707,-7.104783,-7.080859,-7.056935,-7.033011,-7.0090637,-6.98514,-7.0090637,-7.033011,-7.056935,-7.080859,-7.104783,-7.128707,-7.104783,-7.080859,-7.056935
21,20,-7.743629,-7.7173786,-7.691108,-7.664864,-7.691108,-7.7173786,-7.743629,-7.7698717,-7.7961226,-7.822393,-7.7961226,-7.7698717,-7.743629,-7.7173786,-7.691108,-7.664864,-7.691108,-7.7173786,-7.743629,-7.7698717,-7.7961226,-7.822393,-7.7961226,-7.7698717,-7.743629,-7.7173786,-7.691108,-7.664864,-7.691108,-7.7173786,-7.743629,-7.7698717,-7.7961226,-7.822393,-7.7961226,-7.7698717,-7.743629,-7.7173786,-7.691108,-7.664864,-7.691108,-7.7173786,-7.743629,-7.7698717,-7.7961226,-7.822393,-7.7961226,-7.7698717,-7.743629
11,21,-1.1373587,-1.1335061,-1.129649,-1.1257957,-1.129649,-1.1335061,-1.1373615,-1.1412154,-1.1450725,-1.1489264,-1.1450725,-1.1412154,-1.1373615,-1.1335061,-1.129649,-1.1257957,-1.129649,-1.1335061,-1.1373615,-1.1412154,-1.1450725,-1.1489264,-1.1450725,-1.1412154,-1.1373615,-1.1335061,-1.129649,-1.1257957,-1.129649,-1.1335061,-1.1373615,-1.1412154,-1.1450725,-1.1489264,-1.1450725,-1.1412154,-1.1373615,-1.1335061,-1.129649,-1.1257957,-1.129649,-1.1335061,-1.1373615,-1.1412154,-1.1450725,-1.1489264,-1.1450725,-1.1412154,-1.1373615
22,21,-3.8816159,-3.8684492,-3.8552985,-3.8421326,-3.8552985,-3.8684492,-3.8816159,-3.8947692,-3.907923,-3.9210892,-3.907923,-3.8947692,-3.8816159,-3.8684492,-3.8552985,-3.8421326,-3.8552985,-3.8684492,-3.8816159,-3.8947692,-3.907923,-3.9210892,-3.907923,-3.8947692,-3.8816159,-3.8684492,-3.8552985,-3.8421326,-3.8552985,-3.8684492,-3.8816159,-3.8947692,-3.907923,-3.9210892,-3.907923,-3.8947692,-3.8816159,-3.8684492,-3.8552985,-3.8421326,-3.8552985,-3.8684492,-3.8816159,-3.8947692,-3.907923,-3.9210892,-3.907923,-3.8947692,-3.8816159
22,9,-8.50962,-8.480784,-8.45192,-8.423084,-8.45192,-8.480784,-8.50962,-8.538455,-8.567321,-8.596156,-8.567321,-8.538455,-8.50962,-8.480784,-8.45192,-8.423084,-8.45192,-8.480784,-8.50962,-8.538455,-8.567321,-8.596156,-8.567321,-8.538455,-8.50962,-8.480784,-8.45192,-8.423084,-8.45192,-8.480784,-8.50962,-8.538455,-8.567321,-8.596156,-8.567321,-8.538455,-8.50962,-8.480784,-8.45192,-8.423084,-8.45192,-8.480784,-8.50962,-8.538455,-8.567321,-8.596156,-8.567321,-8.538455,-8.50962
23,22,-23.733772,-23.653315,-23.57283,-23.49238,-23.57283,-23.653315,-23.733774,-23.814224,-23.894709,-23.975166,-23.894709,-23.814224,-23.733774,-23.653315,-23.57283,-23.49238,-23.57283,-23.653315,-23.733774,-23.814224,-23.894709,-23.975166,-23.894709,-23.814224,-23.733774,-23.653315,-23.57283,-23.49238,-23.57283,-23.653315,-23.733774,-23.814224,-23.894709,-23.975166,-23.894709,-23.814224,-23.733774,-23.653315,-23.57283,-23.49238,-23.57283,-23.653315,-23.733774,-23.814224,-23.894709,-23.975166,-23.894709,-23.814224,-23.733774
8,23,-1.4295496,-1.424683,-1.4198371,-1.414993,-1.4198371,-1.424683,-1.4295311,-1.4343729,-1.4392189,-1.444067,-1.4392189,-1.4343729,-1.4295311,-1.424683,-1.4198371,-1.414993,-1.4198371,-1.424683,-1.4295311,-1.4343729,-1.4392189,-1.444067,-1.4392189,-1.4343729,-1.4295311,-1.424683,-1.4198371,-1.414993,-1.4198371,-1.424683,-1.4295311,-1.4343729,-1.4392189,-1.444067,-1.4392189,-1.4343729,-1.4295311,-1.424683,-1.4198371,-1.414993,-1.4198371,-1.424683,-1.4295311,-1.4343729,-1.4392189,-1.444067,-1.4392189,-1.4343729,-1.4295311
24,23,-13.9876,-13.940184,-13.892767,-13.84535,-13.892767,-13.940184,-13.9876,-14.035015,-14.082432,-14.1298485,-14.082432,-14.035015,-13.9876,-13.940184,-13.892767,-13.84535,-13.892767,-13.940184,-13.9876,-14.035015,-14.082432,-14.1298485,-14.082432,-14.035015,-13.9876,-13.940184,-13.892767,-13.84535,-13.892767,-13.940184,-13.9876,-14.035015,-14.082432,-14.1298485,-14.082432,-14.035015,-13.9876,-13.940184,-13.892767,-13.84535,-13.892767,-13.940184,-13.9876,-14.035015,-14.082432,-14.1298485,-14.082432,-14.035015,-13.9876
6,24,-6.840329,-6.8171315,-6.79395,-6.770776,-6.79395,-6.8171315,-6.8403273,-6.8635106,-6.886684,-6.909866,-6.886684,-6.8635106,-6.8403273,-6.8171315,-6.79395,-6.770776,-6.79395,-6.8171315,-6.8403273,-6.8635106,-6.886684,-6.909866,-6.886684,-6.8635106,-6.8403273,-6.8171315,-6.79395,-6.770776,-6.79395,-6.8171315,-6.8403273,-6.8635106,-6.886684,-6.909866,-6.886684,-6.8635106,-6.8403273,-6.8171315,-6.79395,-6.770776,-6.79395,-6.8171315,-6.8403273,-6.8635106,-6.886684,-6.909866,-6.886684,-6.8635106,-6.8403273
25,89,-17.694164,-17.63417,-17.574158,-17.514214,-17.574158,-17.63417,-17.694164,-17.75412,-17.814114,-17.874126,-17.814114,-17.75412,-17.694164,-17.63417,-17.574158,-17.514214,-17.574158,-17.63417,-17.694164,-17.75412,-17.814114,-17.874126,-17.814114,-17.75412,-17.694164,-17.63417,-17.574158,-17.514214,-17.574158,-17.63417,-17.694164,-17.75412,-17.814114,-17.874126,-17.814114,-17.75412,-17.694164,-17.63417,-17.574158,-17.514214,-17.574158,-17.63417,-17.694164,-17.75412,-17.814114,-17.874126,-17.814114,-17.75412,-17.694164
26,25,-32.46385,-32.35386,-32.243774,-32.133686,-32.243774,-32.35386,-32.46385,-32.573956,-32.68394,-32.79402,-32.68394,-32.573956,-32.46385,-32.35386,-32.243774,-32.133686,-32.243774,-32.35386,-32.46385,-32.573956,-32.68394,-32.79402,-32.68394,-32.573956,-32.46385,-32.35386,-32.243774,-32.133686,-32.243774,-32.35386,-32.46385,-32.573956,-32.68394,-32.79402,-32.68394,-32.573956,-32.46385,-32.35386,-32.243774,-32.133686,-32.243774,-32.35386,-32.46385,-32.573956,-32.68394,-32.79402,-32.68394,-32.573956,-32.46385
4,26,-32.712383,-32.601547,-32.490604,-32.37976,-32.490604,-32.601547,-32.712383,-32.823322,-32.934177,-33.045116,-32.934177,-32.823322,-32.712383,-32.601547,-32.490604,-32.37976,-32.490604,-32.601547,-32.712383,-32.823322,-32.934177,-33.045116,-32.934177,-32.823322,-32.712383,-32.601547,-32.490604,-32.37976,-32.490604,-32.601547,-32.712383,-32.823322,-32.934177,-33.045116,-32.934177,-32.823322,-32.712383,-32.601547,-32.490604,-32.37976,-32.490604,-32.601547,-32.712383,-32.823322,-32.934177,-33.045116,-32.934177,-32.823322,-32.712383
27,85,-65.83601,-65.61297,-65.389755,-65.16651,-65.389755,-65.61297,-65.83602,-66.059235,-66.282486,-66.5057,-66.282486,-66.059235,-65.83602,-65.61297,-65.389755,-65.16651,-65.389755,-65.61297,-65.83602,-66.059235,-66.282486,-66.5057,-66.282486,-66.059235,-65.83602,-65.61297,-65.389755,-65.16651,-65.389755,-65.61297,-65.83602,-66.059235,-66.282486,-66.5057,-66.282486,-66.059235,-65.83602,-65.61297,-65.389755,-65.16651,-65.389755,-65.61297,-65.83602,-66.059235,-66.282486,-66.5057,-66.282486,-66.059235,-65.83602
3,27,-0.5157712,-0.51402646,-0.512278,-0.51053005,-0.512278,-0.51402646,-0.5157745,-0.5175224,-0.5192708,-0.52102023,-0.5192708,-0.5175224,-0.5157745,-0.51402646,-0.512278,-0.51053005,-0.512278,-0.51402646,-0.5157745,-0.5175224,-0.5192708,-0.52102023,-0.5192708,-0.5175224,-0.5157745,-0.51402646,-0.512278,-0.51053005,-0.512278,-0.51402646,-0.5157745,-0.5175224,-0.5192708,-0.52102023,-0.5192708,-0.5175224,-0.5157745,-0.51402646,-0.512278,-0.51053005,-0.512278,-0.51402646,-0.5157745,-0.5175224,-0.5192708,-0.52102023,-0.5192708,-0.5175224,-0.5157745
28,34,-0.79726726,-0.79456127,-0.7918588,-0.7891574,-0.7918588,-0.79456127,-0.7972652,-0.7999676,-0.802669,-0.8053714,-0.802669,-0.7999676,-0.7972652,-0.79456127,-0.7918588,-0.7891574,-0.7918588,-0.79456127,-0.7972652,-0.7999676,-0.802669,-0.8053714,-0.802669,-0.7999676,-0.7972652,-0.79456127,-0.7918588,-0.7891574,-0.7918588,-0.79456127,-0.7972652,-0.7999676,-0.802669,-0.8053714,-0.802669,-0.7999676,-0.7972652,-0.79456127,-0.7918588,-0.7891574,-0.7918588,-0.79456127,-0.7972652,-0.7999676,-0.802669,-0.8053714,-0.802669,-0.7999676,-0.7972652
29,28,-3.6206162,-3.6083503,-3.5960722,-3.5838053,-3.5960722,-3.6083503,-3.6206162,-3.6328976,-3.6451638,-3.6574426,-3.6451638,-3.6328976,-3.6206162,-3.6083503,-3.5960722,-3.5838053,-3.5960722,-3.6083503,-3.6206162,-3.6328976,-3.6451638,-3.6574426,-3.6451638,-3.6328976,-3.6206162,-3.6083503,-3.5960722,-3.5838053,-3.5960722,-3.6083503,-3.6206162,-3.6328976,-3.6451638,-3.6574426,-3.6451638,-3.6328976,-3.6206162,-3.6083503,-3.5960722,-3.5838053,-3.5960722,-3.6083503,-3.6206162,-3.6328976,-3.6451638,-3.6574426,-3.6451638,-3.6328976,-3.6206162
30,29,-1.7427083,-1.7367738,-1.7308698,-1.7249581,-1.7308698,-1.7367738,-1.7426835,-1.7485877,-1.7544975,-1.7604022,-1.7544975,-1.7485877,-1.7426835,-1.7367738,-1.7308698,-1.7249581,-1.7308698,-1.7367738,-1.7426835,-1.7485877,-1.7544975,-1.7604022,-1.7544975,-1.7485877,-1.7426835,-1.7367738,-1.7308698,-1.7249581,-1.7308698,-1.7367738,-1.7426835,-1.7485877,-1.7544975,-1.7604022,-1.7544975,-1.7485877,-1.7426835,-1.7367738,-1.7308698,-1.7249581,-1.7308698,-1.7367738,-1.7426835,-1.7485877,-1.7544975,-1.7604022,-1.7544975,-1.7485877,-1.7426835
30,31,-7.9531927,-7.926241,-7.8992934,-7.8723145,-7.8992934,-7.926241,-7.95322,-7.9801736,-8.007119,-8.034098,-8.007119,-7.9801736,-7.95322,-7.926241,-7.8992934,-7.8723145,-7.8992934,-7.926241,-7.95322,-7.9801736,-8.007119,-8.034098,-8.007119,-7.9801736,-7.95322,-7.926241,-7.8992934,-7.8723145,-7.8992934,-7.926241,-7.95322,-7.9801736,-8.007119,-8.034098,-8.007119,-7.9801736,-7.95322,-7.926241,-7.8992934,-7.8723145,-7.8992934,-7.926241,-7.95322,-7.9801736,-8.007119,-8.034098,-8.007119,-7.9801736,-7.95322
31,32,-0.78456426,-0.7819104,-0.7792502,-0.77659017,-0.7792502,-0.7819104,-0.7845705,-0.7872298,-0.7898898,-0.7925474,-0.7898899,-0.7872298,-0.7845705,-0.7819104,-0.7792502,-0.77659017,-0.7792502,-0.7819104,-0.7845705,-0.7872298,-0.7898898,-0.7925474,-0.7898898,-0.7872298,-0.7845705,-0.7819104,-0.7792502,-0.77659017,-0.7792502,-0.7819104,-0.7845705,-0.7872298,-0.7898899,-0.7925474,-0.7898899,-0.7872298,-0.7845705,-0.7819104,-0.7792502,-0.77659017,-0.7792502,-0.7819104,-0.7845705,-0.7872298,-0.7898898,-0.7925474,-0.7898898,-0.7872298,-0.7845705
32,27,-2.186622,-2.1792037,-2.1717927,-2.164383,-2.1717927,-2.1792037,-2.1866195,-2.1940308,-2.2014427,-2.208854,-2.2014427,-2.1940308,-2.1866195,-2.1792037,-2.1717927,-2.164383,-2.1717927,-2.1792037,-2.1866195,-2.1940308,-2.2014427,-2.208854,-2.2014427,-2.1940308,-2.1866195,-2.1792037,-2.1717927,-2.164383,-2.1717927,-2.1792037,-2.1866195,-2.1940308,-2.2014427,-2.208854,-2.2014427,-2.1940308,-2.1866195,-2.1792037,-2.1717927,-2.164383,-2.1717927,-2.1792037,-2.1866195,-2.1940308,-2.2014427,-2.208854,-2.2014427,-2.1940308,-2.1866195
32,33,-0.1882797,-0.18764998,-0.18701178,-0.1863736,-0.18701178,-0.18764998,-0.18828821,-0.18892638,-0.18956459,-0.19020277,-0.18956459,-0.18892638,-0.18828821,-0.18764998,-0.18701178,-0.1863736,-0.18701178,-0.18764998,-0.18828821,-0.18892638,-0.18956459,-0.19020334,-0.18956459,-0.18892638,-0.18828821,-0.18764998,-0.18701178,-0.1863736,-0.18701178,-0.18764998,-0.18828821,-0.18892638,-0.18956459,-0.19020334,-0.18956459,-0.18892638,-0.18828821,-0.18764998,-0.18701178,-0.1863736,-0.18701178,-0.18764998,-0.18828821,-0.18892638,-0.18956459,-0.19020334,-0.18956459,-0.18892638,-0.18828821
33,26,-0.9478033,-0.944596,-0.941383,-0.93817025,-0.941383,-0.944596,-0.94780874,-0.95102155,-0.9542343,-0.9574471,-0.9542343,-0.95102155,-0.94780874,-0.944596,-0.941383,-0.93817025,-0.941383,-0.944596,-0.94780874,-0.95102155,-0.9542343,-0.9574471,-0.9542343,-0.95102155,-0.94780874,-0.944596,-0.941383,-0.93817025,-0.941383,-0.944596,-0.94780874,-0.95102155,-0.9542343,-0.9574471,-0.9542343,-0.95102155,-0.94780874,-0.944596,-0.941383,-0.93817025,-0.941383,-0.944596,-0.94780874,-0.95102155,-0.9542343,-0.9574471,-0.9542343,-0.95102155,-0.94780874
33,35,-1.5854914,-1.5801172,-1.574745,-1.569371,-1.574745,-1.5801172,-1.5854862,-1.59086,-1.5962317,-1.601603,-1.5962317,-1.59086,-1.5854862,-1.5801172,-1.574745,-1.569371,-1.574745,-1.5801172,-1.5854862,-1.59086,-1.5962317,-1.601603,-1.5962317,-1.59086,-1.5854862,-1.5801172,-1.574745,-1.569371,-1.574745,-1.5801172,-1.5854862,-1.59086,-1.5962317,-1.601603,-1.5962317,-1.59086,-1.5854862,-1.5801172,-1.574745,-1.569371,-1.574745,-1.5801172,-1.5854862,-1.59086,-1.5962317,-1.601603,-1.5962317,-1.59086,-1.5854862
34,27,-0.09566512,-0.09532843,-0.09500428,-0.09468014,-0.09500428,-0.09532843,-0.09565258,-0.095976755,-0.0963009,-0.09662519,-0.0963009,-0.095976755,-0.09565258,-0.09532843,-0.09500428,-0.09468014,-0.09500428,-0.09532843,-0.09565258,-0.095976755,-0.0963009,-0.09662519,-0.0963009,-0.095976755,-0.09565258,-0.09532843,-0.09500428,-0.09468014,-0.09500428,-0.09532843,-0.09565258,-0.095976755,-0.0963009,-0.09662519,-0.0963009,-0.095976755,-0.09565258,-0.09532843,-0.09500428,-0.09468014,-0.09500428,-0.09532843,-0.09565258,-0.095976755,-0.0963009,-0.09662519,-0.0963009,-0.095976755,-0.09565258
35,36,-2.426727,-2.418502,-2.4102762,-2.4020488,-2.4102762,-2.418502,-2.426727,-2.4349544,-2.44318,-2.451407,-2.44318,-2.4349544,-2.426727,-2.418502,-2.4102762,-2.4020488,-2.4102762,-2.418502,-2.426727,-2.4349544,-2.44318,-2.451407,-2.44318,-2.4349544,-2.426727,-2.418502,-2.4102762,-2.4020488,-2.4102762,-2.418502,-2.426727,-2.4349544,-2.44318,-2.451407,-2.44318,-2.4349544,-2.426727,-2.418502,-2.4102762,-2.4020488,-2.4102762,-2.418502,-2.426727,-2.4349544,-2.44318,-2.451407,-2.44318,-2.4349544,-2.426727
36,24,0.3489783,0.34779206,0.34660962,0.34542668,0.34660962,0.34779206,0.34897515,0.3501585,0.35134146,0.35252443,0.35134146,0.3501585,0.34897515,0.34779206,0.34660962,0.34542668,0.34660962,0.34779206,0.34897515,0.3501585,0.35134146,0.35252443,0.35134146,0.3501585,0.34897515,0.34779206,0.34660962,0.34542668,0.34660962,0.34779206,0.34897515,0.3501585,0.35134146,0.35252443,0.35134146,0.3501585,0.34897515,0.34779206,0.34660962,0.34542668,0.34660962,0.34779206,0.34897515,0.3501585,0.35134146,0.35252443,0.35134146,0.3501585,0.34897515
36,37,3.4430714,3.4313996,3.419721,3.4080534,3.419721,3.4313996,3.4430707,3.4547381,3.4664087,3.4780877,3.4664087,3.4547381,3.4430707,3.4313996,3.419721,3.4080534,3.419721,3.4313996,3.4430707,3.4547381,3.4664087,3.4780877,3.4664087,3.4547381,3.4430707,3.4313996,3.419721,3.4080534,3.419721,3.4313996,3.4430707,3.4547381,3.4664087,3.4780877,3.4664087,3.4547381,3.4430707,3.4313996,3.419721,3.4080534,3.419721,3.4313996,3.4430707,3.4547381,3.4664087,3.4780877,3.4664087,3.4547381,3.4430707
37,23,0.7761767,0.77354705,0.7709168,0.76828504,0.7709168,0.77354705,0.7761788,0.7788106,0.78144073,0.78407246,0.78144073,0.7788106,0.7761788,0.77354705,0.7709168,0.76828504,0.7709168,0.77354705,0.7761788,0.7788106,0.78144073,0.78407246,0.78144073,0.7788106,0.7761788,0.77354705,0.7709168,0.76828504,0.7709168,0.77354705,0.7761788,0.7788106,0.78144073,0.78407246,0.78144073,0.7788106,0.7761788,0.77354705,0.7709168,0.76828504,0.7709168,0.77354705,0.7761788,0.7788106,0.78144073,0.78407246,0.78144073,0.7788106,0.7761788
37,38,-7.0944533,-7.070417,-7.0463505,-7.022307,-7.0463505,-7.070417,-7.0944533,-7.118499,-7.1425657,-7.166602,-7.1425657,-7.118499,-7.0944533,-7.070417,-7.0463505,-7.022307,-7.0463505,-7.070417,-7.0944533,-7.118499,-7.1425657,-7.166602,-7.1425657,-7.118499,-7.0944533,-7.070417,-7.0463505,-7.022307,-7.0463505,-7.070417,-7.0944533,-7.118499,-7.1425657,-7.166602,-7.1425657,-7.118499,-7.0944533,-7.070417,-7.0463505,-7.022307,-7.0463505,-7.070417,-7.0944533,-7.118499,-7.1425657,-7.166602,-7.1425657,-7.118499,-7.0944533
38,21,1.1347933,1.1309434,1.127098,1.1232505,1.127098,1.1309434,1.1347933,1.1386392,1.1424863,1.1463332,1.1424863,1.1386392,1.1347933,1.1309434,1.127098,1.1232505,1.127098,1.1309434,1.1347933,1.1386392,1.1424863,1.1463332,1.1424863,1.1386392,1.1347933,1.1309434,1.127098,1.1232505,1.127098,1.1309434,1.1347933,1.1386392,1.1424863,1.1463332,1.1424863,1.1386392,1.1347933,1.1309434,1.127098,1.1232505,1.127098,1.1309434,1.1347933,1.1386392,1.1424863,1.1463332,1.1424863,1.1386392,1.1347933
38,39,-8.171513,-8.143815,-8.116119,-8.088421,-8.116119,-8.143815,-8.171513,-8.19921,-8.226907,-8.254609,-8.226907,-8.19921,-8.171513,-8.143815,-8.116119,-8.088421,-8.116119,-8.143815,-8.171513,-8.19921,-8.226907,-8.254609,-8.226907,-8.19921,-8.171513,-8.143815,-8.116119,-8.088422,-8.116119,-8.143815,-8.171513,-8.19921,-8.226907,-8.254609,-8.226907,-8.19921,-8.171513,-8.143815,-8.116119,-8.088421,-8.116119,-8.143815,-8.171513,-8.19921,-8.226907,-8.254609,-8.226907,-8.19921,-8.171513
39,20,-8.354764,-8.326437,-8.298132,-8.269796,-8.298132,-8.326437,-8.354764,-8.383094,-8.4114,-8.439735,-8.4114,-8.383094,-8.354764,-8.326437,-8.298132,-8.269796,-8.298132,-8.326437,-8.354764,-8.383094,-8.4114,-8.439735,-8.4114,-8.383094,-8.354764,-8.326437,-8.298132,-8.269796,-8.298132,-8.326437,-8.354764,-8.383094,-8.4114,-8.439735,-8.4114,-8.383094,-8.354764,-8.326437,-8.298132,-8.269796,-8.298132,-8.326437,-8.354764,-8.383094,-8.4114,-8.439735,-8.4114,-8.383094,-8.354764
40,39,-5.208449,-5.1907816,-5.173127,-5.155482,-5.173127,-5.1907816,-5.208449,-5.226094,-5.243751,-5.2614164,-5.243751,-5.226094,-5.208449,-5.1907816,-5.173127,-5.155482,-5.173127,-5.1907816,-5.208449,-5.226094,-5.243751,-5.2614164,-5.243751,-5.226094,-5.208449,-5.1907816,-5.173127,-5.155482,-5.173127,-5.1907816,-5.208449,-5.226094,-5.243751,-5.2614164,-5.243751,-5.226094,-5.208449,-5.1907816,-5.173127,-5.155482,-5.173127,-5.1907816,-5.208449,-5.226094,-5.243751,-5.2614164,-5.243751,-5.226094,-5.208449
41,40,-6.761293,-6.738358,-6.715443,-6.6925297,-6.715443,-6.738358,-6.761293,-6.7842,-6.807135,-6.83005,-6.807135,-6.7842,-6.761293,-6.738358,-6.715443,-6.6925297,-6.715443,-6.738358,-6.761293,-6.7842,-6.807135,-6.83005,-6.807135,-6.7842,-6.761293,-6.738358,-6.715443,-6.6925297,-6.715443,-6.738358,-6.761293,-6.7842,-6.807135,-6.83005,-6.807135,-6.7842,-6.761293,-6.738358,-6.715443,-6.6925297,-6.715443,-6.738358,-6.761293,-6.7842,-6.807135,-6.83005,-6.807135,-6.7842,-6.761293
41,38,-13.920131,-13.872935,-13.825737,-13.778542,-13.825737,-13.872935,-13.920131,-13.967315,-14.01451,-14.061664,-14.01451,-13.967315,-13.920131,-13.872935,-13.825737,-13.778542,-13.825737,-13.872935,-13.920131,-13.967315,-14.01451,-14.061664,-14.01451,-13.967315,-13.920131,-13.872935,-13.825737,-13.778542,-13.825737,-13.872935,-13.920131,-13.967315,-14.01451,-14.061664,-14.01451,-13.967315,-13.920131,-13.872935,-13.825737,-13.778542,-13.825737,-13.872935,-13.920131,-13.967315,-14.01451,-14.061664,-14.01451,-13.967315,-13.920131
42,41,0.75667787,0.7540988,0.7515341,0.74896824,0.7515341,0.7540988,0.7566644,0.7592278,0.7617927,0.7643584,0.7617927,0.7592278,0.7566644,0.7540988,0.7515341,0.74896824,0.7515341,0.7540988,0.7566644,0.7592278,0.7617927,0.7643584,0.7617927,0.7592278,0.7566644,0.7540988,0.7515341,0.74896824,0.7515341,0.7540988,0.7566644,0.7592278,0.7617927,0.7643584,0.7617927,0.7592278,0.7566644,0.7540988,0.7515341,0.74896824,0.7515341,0.7540988,0.7566644,0.7592278,0.7617927,0.7643584,0.7617927,0.7592278,0.7566644
42,37,-0.16918293,-0.16859356,-0.16802,-0.16744679,-0.16802,-0.16859356,-0.1691667,-0.16974027,-0.1703134,-0.170887,-0.1703134,-0.16974027,-0.1691667,-0.16859356,-0.16802,-0.16744679,-0.16802,-0.16859356,-0.1691667,-0.16974027,-0.1703134,-0.170887,-0.1703134,-0.16974027,-0.1691667,-0.16859356,-0.16802,-0.16744679,-0.16802,-0.16859356,-0.1691667,-0.16974027,-0.1703134,-0.170887,-0.1703134,-0.16974027,-0.1691667,-0.16859356,-0.16802,-0.16744679,-0.16802,-0.16859356,-0.1691667,-0.16974027,-0.1703134,-0.170887,-0.1703134,-0.16974027,-0.1691667
111,42,1.1097436,1.1059821,1.1022221,1.0984592,1.1022221,1.1059821,1.109745,1.1135063,1.117269,1.121029,1.117269,1.1135063,1.109745,1.1059821,1.1022221,1.0984592,1.1022221,1.1059821,1.109745,1.1135063,1.117269,1.121029,1.117269,1.1135063,1.109745,1.1059821,1.1022221,1.0984592,1.1022221,1.1059821,1.109745,1.1135063,1.117269,1.121029,1.117269,1.1135063,1.109745,1.1059821,1.1022221,1.0984592,1.1022221,1.1059821,1.109745,1.1135063,1.117269,1.121029,1.117269,1.1135063,1.109745
43,36,-1.4616586,-1.4567035,-1.4517491,-1.446797,-1.4517491,-1.4567035,-1.4616597,-1.4666158,-1.4715699,-1.4765222,-1.4715699,-1.4666158,-1.4616597,-1.4567035,-1.4517491,-1.446797,-1.4517491,-1.4567035,-1.4616597,-1.4666158,-1.4715699,-1.4765222,-1.4715699,-1.4666158,-1.4616597,-1.4567035,-1.4517491,-1.446797,-1.4517491,-1.4567035,-1.4616597,-1.4666158,-1.4715699,-1.4765222,-1.4715699,-1.4666158,-1.4616597,-1.4567035,-1.4517491,-1.446797,-1.4517491,-1.4567035,-1.4616597,-1.4666158,-1.4715699,-1.4765222,-1.4715699,-1.4666158,-1.4616597
44,43,-2.6705027,-2.6614504,-2.652398,-2.6433456,-2.652398,-2.6614504,-2.6705027,-2.679555,-2.6886072,-2.6976597,-2.6886072,-2.679555,-2.6705027,-2.6614504,-2.652398,-2.6433456,-2.652398,-2.6614504,-2.6705027,-2.679555,-2.6886072,-2.6976597,-2.6886072,-2.679555,-2.6705027,-2.6614504,-2.652398,-2.6433456,-2.652398,-2.6614504,-2.6705027,-2.679555,-2.6886072,-2.6976597,-2.6886072,-2.679555,-2.6705027,-2.6614504,-2.652398,-2.6433456,-2.652398,-2.6614504,-2.6705027,-2.679555,-2.6886072,-2.6976597,-2.6886072,-2.679555,-2.6705027
45,44,-1.4024979,-1.3977461,-1.3929912,-1.38824,-1.3929912,-1.3977461,-1.4025005,-1.4072554,-1.4120082,-1.4167625,-1.4120082,-1.4072554,-1.4025005,-1.3977461,-1.3929912,-1.38824,-1.3929912,-1.3977461,-1.4025005,-1.4072554,-1.4120082,-1.4167625,-1.4120082,-1.4072554,-1.4025005,-1.3977461,-1.3929912,-1.38824,-1.3929912,-1.3977461,-1.4025005,-1.4072554,-1.4120082,-1.4167625,-1.4120082,-1.4072554,-1.4025005,-1.3977461,-1.3929912,-1.38824,-1.3929912,-1.3977461,-1.4025005,-1.4072554,-1.4120082,-1.4167625,-1.4120082,-1.4072554,-1.4025005
31,45,-2.6252244,-2.616326,-2.6074321,-2.5985324,-2.6074321,-2.616326,-2.625231,-2.6341298,-2.6430244,-2.651923,-2.6430244,-2.6341298,-2.625231,-2.616326,-2.6074321,-2.5985324,-2.6074321,-2.616326,-2.625231,-2.6341298,-2.6430244,-2.651923,-2.6430244,-2.6341298,-2.625231,-2.616326,-2.6074321,-2.5985324,-2.6074321,-2.616326,-2.625231,-2.6341298,-2.6430244,-2.651923,-2.6430244,-2.6341298,-2.625231,-2.616326,-2.6074321,-2.5985324,-2.6074321,-2.616326,-2.625231,-2.6341298,-2.6430244,-2.651923,-2.6430244,-2.6341298,-2.625231
46,31,1.9482089,1.9416057,1.9350041,1.9284009,1.9350041,1.9416057,1.9482088,1.9548169,1.96142,1.9680218,1.96142,1.9548169,1.9482088,1.9416057,1.9350041,1.9284009,1.9350041,1.9416057,1.9482088,1.9548169,1.96142,1.9680218,1.96142,1.9548169,1.9482088,1.9416057,1.9350041,1.9284009,1.9350041,1.9416057,1.9482088,1.9548169,1.96142,1.9680218,1.96142,1.9548169,1.9482088,1.9416057,1.9350041,1.9284009,1.9350041,1.9416057,1.9482088,1.9548169,1.96142,1.9680218,1.96142,1.9548169,1.9482088
46,47,-2.6044445,-2.5956223,-2.5867937,-2.5779612,-2.5867937,-2.5956223,-2.604445,-2.6132786,-2.6221075,-2.6309338,-2.6221075,-2.6132786,-2.604445,-2.5956223,-2.5867937,-2.5779612,-2.5867937,-2.5956223,-2.604445,-2.6132786,-2.6221075,-2.6309338,-2.6221075,-2.6132786,-2.604445,-2.5956223,-2.5867937,-2.5779612,-2.5867937,-2.5956223,-2.604445,-2.6132786,-2.6221075,-2.6309338,-2.6221075,-2.6132786,-2.604445,-2.5956223,-2.5867937,-2.5779612,-2.5867937,-2.5956223,-2.604445,-2.6132786,-2.6221075,-2.6309338,-2.6221075,-2.6132786,-2.604445
47,45,-5.4178605,-5.3995023,-5.381132,-5.362772,-5.381132,-5.3995023,-5.4178605,-5.4362307,-5.454591,-5.472963,-5.454591,-5.4362307,-5.4178605,-5.3995023,-5.381132,-5.362772,-5.381132,-5.3995023,-5.4178605,-5.4362307,-5.454591,-5.472963,-5.454591,-5.4362307,-5.4178605,-5.3995023,-5.381132,-5.362772,-5.381132,-5.3995023,-5.4178605,-5.4362307,-5.454591,-5.472963,-5.454591,-5.4362307,-5.4178605,-5.3995023,-5.381132,-5.362772,-5.381132,-5.3995023,-5.4178605,-5.4362307,-5.454591,-5.472963,-5.454591,-5.4362307,-5.4178605
47,48,1.6729296,1.6672584,1.6615874,1.6559162,1.6615874,1.6672584,1.6729295,1.6786007,1.6842718,1.689943,1.6842718,1.6786007,1.6729295,1.6672584,1.6615874,1.6559162,1.6615874,1.6672584,1.6729295,1.6786007,1.6842718,1.689943,1.6842718,1.6786007,1.6729295,1.6672584,1.6615874,1.6559162,1.6615874,1.6672584,1.6729295,1.6786007,1.6842718,1.689943,1.6842718,1.6786007,1.6729295,1.6672584,1.6615874,1.6559162,1.6615874,1.6672584,1.6729295,1.6786007,1.6842718,1.689943,1.6842718,1.6786007,1.6729295
49,43,-7.8946095,-7.8678403,-7.841093,-7.8143244,-7.841093,-7.8678403,-7.8946095,-7.921378,-7.9481254,-7.9748945,-7.9481254,-7.921378,-7.8946095,-7.8678403,-7.841093,-7.8143244,-7.841093,-7.8678403,-7.8946095,-7.921378,-7.9481254,-7.9748945,-7.9481254,-7.921378,-7.8946095,-7.8678403,-7.841093,-7.8143244,-7.841093,-7.8678403,-7.8946095,-7.921378,-7.9481254,-7.9748945,-7.9481254,-7.921378,-7.8946095,-7.8678403,-7.841093,-7.8143244,-7.841093,-7.8678403,-7.8946095,-7.921378,-7.9481254,-7.9748945,-7.9481254,-7.921378,-7.8946095
49,50,-3.3315883,-3.320298,-3.3090045,-3.297704,-3.3090045,-3.320298,-3.3315883,-3.3428783,-3.3541725,-3.3654726,-3.3541725,-3.3428783,-3.3315883,-3.320298,-3.3090045,-3.297704,-3.3090045,-3.320298,-3.3315883,-3.3428783,-3.3541725,-3.3654726,-3.3541725,-3.3428783,-3.3315883,-3.320298,-3.3090045,-3.297704,-3.3090045,-3.320298,-3.3315883,-3.3428783,-3.3541725,-3.3654726,-3.3541725,-3.3428783,-3.3315883,-3.320298,-3.3090045,-3.297704,-3.3090045,-3.320298,-3.3315883,-3.3428783,-3.3541725,-3.3654726,-3.3541725,-3.3428783,-3.3315883
50,41,-5.4335165,-5.415093,-5.396667,-5.378253,-5.396667,-5.415093,-5.4335165,-5.4519305,-5.470342,-5.4887657,-5.470342,-5.4519305,-5.4335165,-5.415093,-5.396667,-5.378253,-5.396667,-5.415093,-5.4335165,-5.4519305,-5.470342,-5.4887657,-5.470342,-5.4519305,-5.4335165,-5.415093,-5.396667,-5.378253,-5.396667,-5.415093,-5.4335165,-5.4519305,-5.470342,-5.4887657,-5.470342,-5.4519305,-5.4335165,-5.415093,-5.396667,-5.378253,-5.396667,-5.415093,-5.4335165,-5.4519305,-5.470342,-5.4887657,-5.470342,-5.4519305,-5.4335165
50,51,-3.9616895,-3.9482527,-3.9348292,-3.9213934,-3.9348292,-3.9482527,-3.9616895,-3.9751096,-3.9885464,-4.00197,-3.9885464,-3.9751096,-3.9616895,-3.9482527,-3.9348292,-3.9213934,-3.9348292,-3.9482527,-3.9616895,-3.9751096,-3.9885464,-4.00197,-3.9885464,-3.9751096,-3.9616895,-3.9482527,-3.9348292,-3.9213934,-3.9348292,-3.9482527,-3.9616895,-3.9751096,-3.9885464,-4.00197,-3.9885464,-3.9751096,-3.9616895,-3.9482527,-3.9348292,-3.9213934,-3.9348292,-3.9482527,-3.9616895,-3.9751096,-3.9885464,-4.00197,-3.9885464,-3.9751096,-3.9616895
51,40,-0.2781131,-0.27717054,-0.2762277,-0.27528504,-0.2762277,-0.27717054,-0.2781131,-0.27905574,-0.27999786,-0.28094053,-0.27999786,-0.27905574,-0.2781131,-0.27717054,-0.2762277,-0.27528504,-0.2762277,-0.27717054,-0.2781131,-0.27905574,-0.27999786,-0.28094053,-0.27999786,-0.27905574,-0.2781131,-0.27717054,-0.2762277,-0.27528504,-0.2762277,-0.27717054,-0.2781131,-0.27905574,-0.27999786,-0.28094053,-0.27999786,-0.27905574,-0.2781131,-0.27717054,-0.2762277,-0.27528504,-0.2762277,-0.27717054,-0.2781131,-0.27905574,-0.27999786,-0.28094053,-0.27999786,-0.27905574,-0.2781131
54,52,-6.045213,-6.0247226,-6.0042415,-5.983734,-6.0042415,-6.0247226,-6.045213,-6.0657125,-6.0862017,-6.1066933,-6.0862017,-6.0657125,-6.045213,-6.0247226,-6.0042415,-5.983734,-6.0042415,-6.0247226,-6.045213,-6.0657125,-6.0862017,-6.1066933,-6.0862017,-6.0657125,-6.045213,-6.0247226,-6.0042415,-5.983734,-6.0042415,-6.0247226,-6.045213,-6.0657125,-6.0862017,-6.1066933,-6.0862017,-6.0657125,-6.045213,-6.0247226,-6.0042415,-5.983734,-6.0042415,-6.0247226,-6.045213,-6.0657125,-6.0862017,-6.1066933,-6.0862017,-6.0657125,-6.045213
62,53,-0.3183555,-0.309897,-0.30880007,-0.30774605,-0.30880007,-0.30985397,-0.31090802,-0.31196207,-0.31301546,-0.31406945,-0.31301546,-0.31196207,-0.31090802,-0.30985397,-0.30880007,-0.30774605,-0.30880007,-0.30985397,-0.31090802,-0.31196207,-0.31301546,-0.31406945,-0.31301546,-0.31196207,-0.31090802,-0.30985397,-0.30880007,-0.30774605,-0.30880007,-0.30985397,-0.31090802,-0.31196207,-0.31301546,-0.31406945,-0.31301543,-0.31196207,-0.31090802,-0.30985397,-0.30880007,-0.30774605,-0.30880007,-0.30985397,-0.31090802,-0.31196207,-0.31301546,-0.31406945,-0.31301546,-0.31196207,-0.31090802
55,54,-1.6945032,-1.6888151,-1.6830673,-1.677325,-1.6830673,-1.6888151,-1.6945568,-1.7003028,-1.7060452,-1.7117926,-1.7060452,-1.7003028,-1.6945568,-1.6888151,-1.6830673,-1.677325,-1.6830673,-1.6888151,-1.6945568,-1.7003028,-1.7060452,-1.7117926,-1.7060452,-1.7003028,-1.6945568,-1.6888151,-1.6830673,-1.677325,-1.6830673,-1.6888151,-1.6945568,-1.7003028,-1.7060452,-1.7117926,-1.7060452,-1.7003028,-1.6945568,-1.6888151,-1.6830673,-1.677325,-1.6830673,-1.6888151,-1.6945568,-1.7003028,-1.7060452,-1.7117926,-1.7060452,-1.7003028,-1.6945568
56,55,-1.5913863,-1.5860476,-1.5806502,-1.5752577,-1.5806502,-1.5860476,-1.5914401,-1.5968375,-1.60223,-1.6076269,-1.60223,-1.5968375,-1.5914401,-1.5860476,-1.5806502,-1.5752577,-1.5806502,-1.5860476,-1.5914401,-1.5968375,-1.60223,-1.6076269,-1.60223,-1.5968375,-1.5914401,-1.5860476,-1.5806502,-1.5752577,-1.5806502,-1.5860476,-1.5914401,-1.5968375,-1.60223,-1.6076269,-1.60223,-1.5968375,-1.5914401,-1.5860476,-1.5806502,-1.5752577,-1.5806502,-1.5860476,-1.5914401,-1.5968375,-1.60223,-1.6076269,-1.60223,-1.5968375,-1.5914401
57,56,-1.1855912,-1.181624,-1.1776046,-1.1735857,-1.1776046,-1.181624,-1.1856449,-1.1896616,-1.1936827,-1.197702,-1.1936827,-1.1896616,-1.1856449,-1.181624,-1.1776046,-1.1735857,-1.1776046,-1.181624,-1.1856449,-1.1896616,-1.1936827,-1.197702,-1.1936827,-1.1896616,-1.1856449,-1.181624,-1.1776046,-1.1735857,-1.1776046,-1.181624,-1.1856449,-1.1896616,-1.1936827,-1.197702,-1.1936827,-1.1896616,-1.1856449,-1.181624,-1.1776046,-1.1735857,-1.1776046,-1.181624,-1.1856449,-1.1896616,-1.1936827,-1.197702,-1.1936827,-1.1896616,-1.1856449
58,57,-2.2551212,-2.247554,-2.2399116,-2.2322662,-2.2399116,-2.247554,-2.255202,-2.2628446,-2.270493,-2.2781324,-2.270493,-2.2628446,-2.255202,-2.247554,-2.2399116,-2.2322662,-2.2399116,-2.247554,-2.255202,-2.2628446,-2.270493,-2.2781324,-2.270493,-2.2628446,-2.255202,-2.247554,-2.2399116,-2.2322662,-2.2399116,-2.247554,-2.255202,-2.2628446,-2.270493,-2.2781324,-2.270493,-2.2628446,-2.255202,-2.247554,-2.2399116,-2.2322662,-2.2399116,-2.247554,-2.255202,-2.2628446,-2.270493,-2.2781324,-2.270493,-2.2628446,-2.255202
58,46,-1.202782,-1.199382,-1.1953089,-1.1912284,-1.1953089,-1.1993866,-1.2034677,-1.2075481,-1.2116266,-1.2157072,-1.2116266,-1.2075481,-1.2034677,-1.1993866,-1.1953089,-1.1912284,-1.1953089,-1.1993866,-1.2034677,-1.2075481,-1.2116266,-1.2157072,-1.2116266,-1.2075481,-1.2034677,-1.1993866,-1.1953089,-1.1912284,-1.1953089,-1.1993866,-1.2034677,-1.2075481,-1.2116266,-1.2157072,-1.2116266,-1.2075481,-1.2034677,-1.1993866,-1.1953089,-1.1912284,-1.1953089,-1.1993866,-1.2034677,-1.2075481,-1.2116266,-1.2157072,-1.2116266,-1.2075481,-1.2034677
59,58,-0.64167917,-0.64316344,-0.6410007,-0.63881207,-0.6410007,-0.6431879,-0.64537627,-0.64756316,-0.6497506,-0.651939,-0.6497506,-0.64756316,-0.64537627,-0.6431879,-0.6410007,-0.63881207,-0.6410007,-0.6431879,-0.64537627,-0.64756316,-0.6497506,-0.651939,-0.6497506,-0.64756316,-0.64537627,-0.6431879,-0.6410007,-0.63881207,-0.6410007,-0.6431879,-0.64537627,-0.64756316,-0.6497506,-0.651939,-0.6497506,-0.64756316,-0.64537627,-0.6431879,-0.6410007,-0.63881207,-0.6410007,-0.6431879,-0.64537627,-0.64756316,-0.6497506,-0.651939,-0.6497506,-0.64756316,-0.64537627
60,30,-1.2833537,-1.2820463,-1.2777004,-1.27334,-1.2777004,-1.2820605,-1.2864205,-1.2907835,-1.295144,-1.299504,-1.295144,-1.2907835,-1.2864205,-1.2820605,-1.2777004,-1.27334,-1.2777004,-1.2820605,-1.2864205,-1.2907835,-1.295144,-1.299504,-1.295144,-1.2907835,-1.2864205,-1.2820605,-1.2777004,-1.27334,-1.2777004,-1.2820605,-1.2864205,-1.2907835,-1.295144,-1.299504,-1.295144,-1.2907835,-1.2864205,-1.2820605,-1.2777004,-1.27334,-1.2777004,-1.2820605,-1.2864205,-1.2907835,-1.295144,-1.299504,-1.295144,-1.2907835,-1.2864205
59,60,-1.1159098,-1.112137,-1.1083531,-1.1045722,-1.1083531,-1.112137,-1.1159217,-1.1197028,-1.1234866,-1.1272691,-1.1234866,-1.1197028,-1.1159217,-1.112137,-1.1083531,-1.1045722,-1.1083531,-1.112137,-1.1159217,-1.1197028,-1.1234866,-1.1272691,-1.1234866,-1.1197028,-1.1159217,-1.112137,-1.1083531,-1.1045722,-1.1083531,-1.112137,-1.1159217,-1.1197028,-1.1234866,-1.1272691,-1.1234866,-1.1197028,-1.1159217,-1.112137,-1.1083531,-1.1045722,-1.1083531,-1.112137,-1.1159217,-1.1197028,-1.1234866,-1.1272691,-1.1234866,-1.1197028,-1.1159217
53,61,-0.75910014,-0.74982405,-0.74723697,-0.7446862,-0.74723697,-0.7497876,-0.7523363,-0.754888,-0.75743663,-0.7599873,-0.75743663,-0.754888,-0.7523363,-0.7497876,-0.74723697,-0.7446862,-0.74723697,-0.7497876,-0.7523363,-0.754888,-0.75743663,-0.7599873,-0.75743663,-0.754888,-0.7523363,-0.7497876,-0.74723697,-0.7446862,-0.74723697,-0.7497876,-0.7523363,-0.754888,-0.75743663,-0.7599873,-0.75743663,-0.754888,-0.7523363,-0.7497876,-0.74723697,-0.7446862,-0.74723697,-0.7497876,-0.7523363,-0.754888,-0.75743663,-0.7599873,-0.75743663,-0.754888,-0.7523363
63,106,-8.611516,-8.582314,-8.553118,-8.523917,-8.553118,-8.582314,-8.611516,-8.640711,-8.6698885,-8.699083,-8.6698885,-8.640711,-8.611516,-8.582314,-8.553118,-8.523917,-8.553118,-8.582314,-8.611516,-8.640711,-8.6698885,-8.699083,-8.6698885,-8.640711,-8.611516,-8.582314,-8.553118,-8.523917,-8.553118,-8.582314,-8.611516,-8.640711,-8.6698885,-8.699083,-8.6698885,-8.640711,-8.611516,-8.582314,-8.553118,-8.523917,-8.553118,-8.582314,-8.611516,-8.640711,-8.6698885,-8.699083,-8.6698885,-8.640711,-8.611516
109,75,3.841587,3.8285675,3.8155363,3.8025203,3.8155363,3.8285675,3.841587,3.8546064,3.8676386,3.880657,3.8676386,3.8546064,3.841587,3.8285675,3.8155363,3.8025203,3.8155363,3.8285675,3.841587,3.8546064,3.8676386,3.880657,3.8676386,3.8546064,3.841587,3.8285675,3.8155363,3.8025203,3.8155363,3.8285675,3.841587,3.8546064,3.8676386,3.880657,3.8676386,3.8546064,3.841587,3.8285675,3.8155363,3.8025203,3.8155363,3.8285675,3.841587,3.8546064,3.8676386,3.880657,3.8676386,3.8546064,3.841587
64,94,-1.2057701,-1.2016817,-1.1975948,-1.1935085,-1.1975948,-1.2016817,-1.2057703,-1.2098571,-1.2139436,-1.21803,-1.2139436,-1.2098571,-1.2057703,-1.2016817,-1.1975948,-1.1935085,-1.1975948,-1.2016817,-1.2057703,-1.2098571,-1.2139436,-1.21803,-1.2139436,-1.2098571,-1.2057703,-1.2016817,-1.1975948,-1.1935085,-1.1975948,-1.2016817,-1.2057703,-1.2098571,-1.2139436,-1.21803,-1.2139436,-1.2098571,-1.2057703,-1.2016817,-1.1975948,-1.1935085,-1.1975948,-1.2016817,-1.2057703,-1.2098571,-1.2139436,-1.21803,-1.2139436,-1.2098571,-1.2057703
110,64,123.490074,123.0713,122.65252,122.23413,122.65252,123.0713,123.490074,123.90844,124.32725,124.74571,124.32725,123.90844,123.490074,123.0713,122.65252,122.23413,122.65252,123.0713,123.490074,123.90844,124.32725,124.74571,124.32725,123.90844,123.490074,123.0713,122.65252,122.23413,122.65252,123.0713,123.490074,123.90844,124.32725,124.74571,124.32725,123.90844,123.490074,123.0713,122.65252,122.23413,122.65252,123.0713,123.490074,123.90844,124.32725,124.74571,124.32725,123.90844,123.490074
110,59,-1.4661324,-1.4611468,-1.4561769,-1.4512064,-1.4561769,-1.4611468,-1.4661151,-1.4710855,-1.4760556,-1.4810263,-1.4760556,-1.4710855,-1.4661151,-1.4611468,-1.4561769,-1.4512064,-1.4561769,-1.4611468,-1.4661151,-1.4710855,-1.4760556,-1.4810263,-1.4760556,-1.4710855,-1.4661151,-1.4611468,-1.4561769,-1.4512064,-1.4561769,-1.4611468,-1.4661151,-1.4710855,-1.4760556,-1.4810263,-1.4760556,-1.4710855,-1.4661151,-1.4611468,-1.4561769,-1.4512064,-1.4561769,-1.4611468,-1.4661151,-1.4710855,-1.4760556,-1.4810263,-1.4760556,-1.4710855,-1.4661151
52,65,2.6318684,2.6229503,2.6140327,2.6051137,2.6140327,2.6229503,2.6318684,2.640786,2.649704,2.6586235,2.649704,2.640786,2.6318684,2.6229503,2.6140327,2.6051137,2.6140327,2.6229503,2.6318684,2.640786,2.649704,2.6586235,2.649704,2.640786,2.6318684,2.6229503,2.6140327,2.6051137,2.6140327,2.6229503,2.6318684,2.640786,2.649704,2.6586235,2.649704,2.640786,2.6318684,2.6229503,2.6140327,2.6051137,2.6140327,2.6229503,2.6318684,2.640786,2.649704,2.6586235,2.649704,2.640786,2.6318684
54,66,0.4100204,0.40863115,0.4072411,0.40585053,0.4072411,0.40863115,0.4100204,0.41141045,0.41280055,0.41418976,0.41280055,0.41141045,0.4100204,0.40863115,0.4072411,0.40585053,0.4072411,0.40863115,0.4100204,0.41141045,0.41280055,0.41418976,0.41280055,0.41141045,0.4100204,0.40863115,0.4072411,0.40585053,0.4072411,0.40863115,0.4100204,0.41141045,0.41280055,0.41418976,0.41280055,0.41141045,0.4100204,0.40863115,0.4072411,0.40585053,0.4072411,0.40863115,0.4100204,0.41141045,0.41280055,0.41418976,0.41280055,0.41141045,0.4100204
57,68,-2.035432,-2.0285344,-2.021635,-2.014737,-2.021635,-2.0285344,-2.035432,-2.0423365,-2.0492358,-2.0561333,-2.0492358,-2.0423365,-2.035432,-2.0285344,-2.021635,-2.014737,-2.021635,-2.0285344,-2.035432,-2.0423365,-2.0492358,-2.0561333,-2.0492358,-2.0423365,-2.035432,-2.0285344,-2.021635,-2.014737,-2.021635,-2.0285344,-2.035432,-2.0423365,-2.0492358,-2.0561333,-2.0492358,-2.0423365,-2.035432,-2.0285344,-2.021635,-2.014737,-2.021635,-2.0285344,-2.035432,-2.0423365,-2.0492358,-2.0561333,-2.0492358,-2.0423365,-2.035432
58,69,-1.2144198,-1.2102963,-1.2061769,-1.2020617,-1.2061769,-1.2102963,-1.2144113,-1.2185282,-1.2226449,-1.22676,-1.2226449,-1.2185282,-1.2144113,-1.2102963,-1.2061769,-1.2020617,-1.2061769,-1.2102963,-1.2144113,-1.2185282,-1.2226449,-1.22676,-1.2226449,-1.2185282,-1.2144113,-1.2102963,-1.2061769,-1.2020617,-1.2061769,-1.2102963,-1.2144113,-1.2185282,-1.2226449,-1.22676,-1.2226449,-1.2185282,-1.2144113,-1.2102963,-1.2061769,-1.2020617,-1.2061769,-1.2102963,-1.2144113,-1.2185282,-1.2226449,-1.22676,-1.2226449,-1.2185282,-1.2144113
66,65,-1.692614,-1.6868861,-1.6811496,-1.6754111,-1.6811496,-1.6868861,-1.6926243,-1.6983624,-1.7041006,-1.7098335,-1.7041006,-1.6983624,-1.6926243,-1.6868861,-1.6811496,-1.6754111,-1.6811496,-1.6868861,-1.6926243,-1.6983624,-1.7041006,-1.7098335,-1.7041006,-1.6983624,-1.6926243,-1.6868861,-1.6811496,-1.6754111,-1.6811496,-1.6868861,-1.6926243,-1.6983624,-1.7041006,-1.7098335,-1.7041006,-1.6983624,-1.6926243,-1.6868861,-1.6811496,-1.6754111,-1.6811496,-1.6868861,-1.6926243,-1.6983624,-1.7041006,-1.7098335,-1.7041006,-1.6983624,-1.6926243
67,66,0.26917392,0.26826802,0.26735538,0.26644272,0.26735538,0.26826802,0.26918066,0.2700933,0.27100593,0.27191845,0.27100593,0.2700933,0.26918066,0.26826802,0.26735538,0.26644272,0.26735538,0.26826802,0.26918066,0.2700933,0.27100593,0.27191845,0.27100593,0.2700933,0.26918066,0.26826802,0.26735538,0.26644272,0.26735538,0.26826802,0.26918066,0.2700933,0.27100593,0.27191845,0.27100593,0.2700933,0.26918066,0.26826802,0.26735538,0.26644272,0.26735538,0.26826802,0.26918066,0.2700933,0.27100593,0.27191845,0.27100593,0.2700933,0.26918066
68,67,-2.254026,-2.2463956,-2.2387583,-2.231117,-2.2387583,-2.2463956,-2.2540414,-2.26168,-2.2693202,-2.2769618,-2.2693202,-2.26168,-2.2540414,-2.2463956,-2.2387583,-2.231117,-2.2387583,-2.2463956,-2.2540414,-2.26168,-2.2693202,-2.2769618,-2.2693202,-2.26168,-2.2540414,-2.2463956,-2.2387583,-2.231117,-2.2387583,-2.2463956,-2.2540414,-2.26168,-2.2693202,-2.2769618,-2.2693202,-2.26168,-2.2540414,-2.2463956,-2.2387583,-2.231117,-2.2387583,-2.2463956,-2.2540414,-2.26168,-2.2693202,-2.2769618,-2.2693202,-2.26168,-2.2540414
69,68,-0.4533319,-0.45180577,-0.45026988,-0.44873357,-0.45026988,-0.45180577,-0.4533421,-0.45487952,-0.4564159,-0.45795247,-0.4564159,-0.45487952,-0.4533421,-0.45180577,-0.45026988,-0.44873357,-0.45026988,-0.45180577,-0.4533421,-0.45487952,-0.4564159,-0.45795247,-0.4564159,-0.45487952,-0.4533421,-0.45180577,-0.45026988,-0.44873357,-0.45026988,-0.45180577,-0.4533421,-0.45487952,-0.4564159,-0.45795247,-0.4564159,-0.45487952,-0.4533421,-0.45180577,-0.45026988,-0.44873357,-0.45026988,-0.45180577,-0.4533421,-0.45487952,-0.4564159,-0.45795247,-0.4564159,-0.45487952,-0.4533421
65,70,1.6522956,1.6467227,1.6411198,1.6355221,1.6411198,1.6467227,1.6523237,1.657927,1.6635278,1.6691252,1.6635278,1.657927,1.6523237,1.6467227,1.6411198,1.6355221,1.6411198,1.6467227,1.6523237,1.657927,1.6635278,1.6691252,1.6635278,1.657927,1.6523237,1.6467227,1.6411198,1.6355221,1.6411198,1.6467227,1.6523237,1.657927,1.6635278,1.6691252,1.6635278,1.657927,1.6523237,1.6467227,1.6411198,1.6355221,1.6411198,1.6467227,1.6523237,1.657927,1.6635278,1.6691252,1.6635278,1.657927,1.6523237
66,112,-1.4734064,-1.4684579,-1.4634638,-1.4584674,-1.4634638,-1.4684579,-1.4734501,-1.4784443,-1.4834408,-1.4884353,-1.4834408,-1.4784443,-1.4734501,-1.4684579,-1.4634638,-1.4584674,-1.4634638,-1.4684579,-1.4734501,-1.4784443,-1.4834408,-1.4884353,-1.4834408,-1.4784443,-1.4734501,-1.4684579,-1.4634638,-1.4584674,-1.4634638,-1.4684579,-1.4734501,-1.4784443,-1.4834408,-1.4884353,-1.4834408,-1.4784443,-1.4734501,-1.4684579,-1.4634638,-1.4584674,-1.4634638,-1.4684579,-1.4734501,-1.4784443,-1.4834408,-1.4884353,-1.4834408,-1.4784443,-1.4734501
94,75,4.0949373,4.081063,4.067188,4.0533133,4.067188,4.081063,4.094937,4.1088123,4.1226864,4.136565,4.1226864,4.1088123,4.094937,4.081063,4.067188,4.0533133,4.067188,4.081063,4.094937,4.1088123,4.1226864,4.136565,4.1226864,4.1088123,4.094937,4.081063,4.067188,4.0533133,4.067188,4.081063,4.094937,4.1088123,4.1226864,4.136565,4.1226864,4.1088123,4.094937,4.081063,4.067188,4.0533133,4.067188,4.081063,4.094937,4.1088123,4.1226864,4.136565,4.1226864,4.1088123,4.094937
74,73,-0.6983746,-0.6959252,-0.6935568,-0.69119024,-0.6935568,-0.6959252,-0.6982917,-0.7006601,-0.70302653,-0.7053925,-0.70302653,-0.7006601,-0.6982917,-0.6959252,-0.6935568,-0.69119024,-0.6935568,-0.6959252,-0.6982917,-0.7006601,-0.70302653,-0.7053925,-0.70302653,-0.7006601,-0.6982917,-0.6959252,-0.6935568,-0.69119024,-0.6935568,-0.6959252,-0.6982917,-0.7006601,-0.70302653,-0.7053925,-0.70302653,-0.7006601,-0.6982917,-0.6959252,-0.6935568,-0.69119024,-0.6935568,-0.6959252,-0.6982917,-0.7006601,-0.70302653,-0.7053925,-0.70302653,-0.7006601,-0.6982917
69,74,-3.4807355,-3.4689014,-3.4571016,-3.4453053,-3.4571016,-3.4689014,-3.4807007,-3.4925008,-3.5042894,-3.5160892,-3.5042894,-3.4925008,-3.4807007,-3.4689014,-3.4571016,-3.4453053,-3.4571016,-3.4689014,-3.4807007,-3.4925008,-3.5042894,-3.5160892,-3.5042894,-3.4925008,-3.4807007,-3.4689014,-3.4571016,-3.4453053,-3.4571016,-3.4689014,-3.4807007,-3.4925008,-3.5042894,-3.5160892,-3.5042894,-3.4925008,-3.4807007,-3.4689014,-3.4571016,-3.4453053,-3.4571016,-3.4689014,-3.4807007,-3.4925008,-3.5042894,-3.5160892,-3.5042894,-3.4925008,-3.4807007
71,70,1.2636955,1.259438,1.2551544,1.2508698,1.2551544,1.259438,1.263722,1.2680056,1.2722893,1.2765727,1.2722893,1.2680056,1.263722,1.259438,1.2551544,1.2508698,1.2551544,1.259438,1.263722,1.2680056,1.2722893,1.2765727,1.2722893,1.2680056,1.263722,1.259438,1.2551544,1.2508698,1.2551544,1.259438,1.263722,1.2680056,1.2722893,1.2765727,1.2722893,1.2680056,1.263722,1.259438,1.2551544,1.2508698,1.2551544,1.259438,1.263722,1.2680056,1.2722893,1.2765727,1.2722893,1.2680056,1.263722
72,71,-2.9705656,-2.9604805,-2.9504156,-2.9403462,-2.9504156,-2.9604805,-2.9705496,-2.980623,-2.9906914,-3.0007558,-2.9906914,-2.980623,-2.9705496,-2.9604805,-2.9504156,-2.9403462,-2.9504156,-2.9604805,-2.9705496,-2.980623,-2.9906914,-3.0007558,-2.9906914,-2.980623,-2.9705496,-2.9604805,-2.9504156,-2.9403462,-2.9504156,-2.9604805,-2.9705496,-2.980623,-2.9906914,-3.0007558,-2.9906914,-2.980623,-2.9705496,-2.9604805,-2.9504156,-2.9403462,-2.9504156,-2.9604805,-2.9705496,-2.980623,-2.9906914,-3.0007558,-2.9906914,-2.980623,-2.9705496
73,72,1.7255125,1.7196759,1.7138267,1.7079738,1.7138267,1.7196759,1.7255231,1.7313721,1.7372192,1.7430655,1.7372192,1.7313721,1.7255231,1.7196759,1.7138267,1.7079738,1.7138267,1.7196759,1.7255231,1.7313721,1.7372192,1.7430655,1.7372192,1.7313721,1.7255231,1.7196759,1.7138267,1.7079738,1.7138267,1.7196759,1.7255231,1.7313721,1.7372192,1.7430655,1.7372192,1.7313721,1.7255231,1.7196759,1.7138267,1.7079738,1.7138267,1.7196759,1.7255231,1.7313721,1.7372192,1.7430655,1.7372192,1.7313721,1.7255231
82,83,-7.041758,-7.017888,-6.9940186,-6.970149,-6.9940186,-7.017888,-7.041756,-7.065626,-7.0894957,-7.1133647,-7.0894957,-7.065626,-7.041756,-7.017888,-6.9940186,-6.970149,-6.9940186,-7.017888,-7.041756,-7.065626,-7.0894957,-7.1133647,-7.0894957,-7.065626,-7.041756,-7.017888,-6.9940186,-6.970149,-6.9940186,-7.017888,-7.041756,-7.065626,-7.0894957,-7.1133647,-7.0894957,-7.065626,-7.041756,-7.017888,-6.9940186,-6.970149,-6.9940186,-7.017888,-7.041756,-7.065626,-7.0894957,-7.1133647,-7.0894957,-7.065626,-7.041756
81,82,-8.327166,-8.298939,-8.270707,-8.242479,-8.270707,-8.298939,-8.327166,-8.355372,-8.383603,-8.411829,-8.383603,-8.355372,-8.327166,-8.298939,-8.270707,-8.242479,-8.270707,-8.298939,-8.327166,-8.355372,-8.383603,-8.411829,-8.383603,-8.355372,-8.327166,-8.298939,-8.270707,-8.242479,-8.270707,-8.298939,-8.327166,-8.355372,-8.383603,-8.411829,-8.383603,-8.355372,-8.327166,-8.298939,-8.270707,-8.242479,-8.270707,-8.298939,-8.327166,-8.355372,-8.383603,-8.411829,-8.383603,-8.355372,-8.327166
80,81,2.5363595,2.527757,2.5191483,2.5105436,2.5191483,2.527757,2.5363615,2.5449662,2.5535765,2.5621815,2.5535765,2.5449662,2.5363615,2.527757,2.5191483,2.5105436,2.5191483,2.527757,2.5363615,2.5449662,2.5535765,2.5621815,2.5535765,2.5449662,2.5363615,2.527757,2.5191483,2.5105436,2.5191483,2.527757,2.5363615,2.5449662,2.5535765,2.5621815,2.5535765,2.5449662,2.5363615,2.527757,2.5191483,2.5105436,2.5191483,2.527757,2.5363615,2.5449662,2.5535765,2.5621815,2.5535765,2.5449662,2.5363615
76,74,-10.075302,-10.0411625,-10.007003,-9.972847,-10.007003,-10.0411625,-10.075302,-10.109462,-10.143616,-10.177775,-10.143616,-10.109462,-10.075302,-10.0411625,-10.007003,-9.972847,-10.007003,-10.0411625,-10.075302,-10.109462,-10.143616,-10.177775,-10.143616,-10.109462,-10.075302,-10.0411625,-10.007003,-9.972847,-10.007003,-10.0411625,-10.075302,-10.109462,-10.143616,-10.177775,-10.143616,-10.109462,-10.075302,-10.0411625,-10.007003,-9.972847,-10.007003,-10.0411625,-10.075302,-10.109462,-10.143616,-10.177775,-10.143616,-10.109462,-10.075302
79,80,-1.3195807,-1.3151087,-1.31064,-1.3061682,-1.31064,-1.3151087,-1.3195798,-1.3240484,-1.3285198,-1.3329922,-1.3285198,-1.3240484,-1.3195798,-1.3151087,-1.31064,-1.3061682,-1.31064,-1.3151087,-1.3195798,-1.3240484,-1.3285198,-1.3329922,-1.3285198,-1.3240484,-1.3195798,-1.3151087,-1.31064,-1.3061682,-1.31064,-1.3151087,-1.3195798,-1.3240484,-1.3285198,-1.3329922,-1.3285198,-1.3240484,-1.3195798,-1.3151087,-1.31064,-1.3061682,-1.31064,-1.3151087,-1.3195798,-1.3240484,-1.3285198,-1.3329922,-1.3285198,-1.3240484,-1.3195798
76,79,7.452771,7.4275007,7.4022293,7.3769584,7.4022293,7.4275007,7.452772,7.4780436,7.5033164,7.5285954,7.5033164,7.4780436,7.452772,7.4275007,7.4022293,7.3769584,7.4022293,7.4275007,7.452772,7.4780436,7.5033164,7.5285954,7.5033164,7.4780436,7.452772,7.4275007,7.4022293,7.3769584,7.4022293,7.4275007,7.452772,7.4780436,7.5033164,7.5285954,7.5033164,7.4780436,7.452772,7.4275007,7.4022293,7.3769584,7.4022293,7.4275007,7.452772,7.4780436,7.5033164,7.5285954,7.5033164,7.4780436,7.452772
78,79,-12.93398,-12.890125,-12.846284,-12.802429,-12.846284,-12.890125,-12.93398,-12.9778385,-13.021693,-13.065552,-13.021693,-12.9778385,-12.93398,-12.890125,-12.846284,-12.802429,-12.846284,-12.890125,-12.93398,-12.9778385,-13.021693,-13.065552,-13.021693,-12.9778385,-12.93398,-12.890125,-12.846284,-12.802429,-12.846284,-12.890125,-12.93398,-12.9778385,-13.021693,-13.065552,-13.021693,-12.9778385,-12.93398,-12.890125,-12.846284,-12.802429,-12.846284,-12.890125,-12.93398,-12.9778385,-13.021693,-13.065552,-13.021693,-12.9778385,-12.93398
77,78,-13.485115,-13.4394,-13.393699,-13.347982,-13.393699,-13.4394,-13.485116,-13.530859,-13.576575,-13.622276,-13.576575,-13.530859,-13.485116,-13.4394,-13.393699,-13.347982,-13.393699,-13.4394,-13.485116,-13.530859,-13.576575,-13.622276,-13.576575,-13.530859,-13.485116,-13.4394,-13.393699,-13.347982,-13.393699,-13.4394,-13.485116,-13.530859,-13.576575,-13.622276,-13.576575,-13.530859,-13.485116,-13.4394,-13.393699,-13.347982,-13.393699,-13.4394,-13.485116,-13.530859,-13.576575,-13.622276,-13.576575,-13.530859,-13.485116
77,76,-14.014246,-13.96677,-13.919251,-13.871744,-13.919251,-13.96677,-14.014246,-14.061765,-14.109272,-14.156792,-14.109272,-14.061765,-14.014246,-13.96677,-13.919251,-13.871744,-13.919251,-13.96677,-14.014246,-14.061765,-14.109272,-14.156792,-14.109272,-14.061765,-14.014246,-13.96677,-13.919251,-13.871744,-13.919251,-13.96677,-14.014246,-14.061765,-14.109272,-14.156792,-14.109272,-14.061765,-14.014246,-13.96677,-13.919251,-13.871744,-13.919251,-13.96677,-14.014246,-14.061765,-14.109272,-14.156792,-14.109272,-14.061765,-14.014246
110,77,-13.042256,-12.998018,-12.95381,-12.9096155,-12.95381,-12.998018,-13.042256,-13.086465,-13.130658,-13.174867,-13.130658,-13.086465,-13.042256,-12.998018,-12.95381,-12.9096155,-12.95381,-12.998018,-13.042256,-13.086465,-13.130658,-13.174867,-13.130658,-13.086465,-13.042256,-12.998018,-12.95381,-12.9096155,-12.95381,-12.998018,-13.042256,-13.086465,-13.130658,-13.174867,-13.130658,-13.086465,-13.042256,-12.998018,-12.95381,-12.9096155,-12.95381,-12.998018,-13.042256,-13.086465,-13.130658,-13.174867,-13.130658,-13.086465,-13.042256
83,84,-20.974691,-20.90358,-20.832458,-20.761375,-20.832458,-20.90358,-20.974693,-21.045765,-21.116884,-21.187998,-21.116884,-21.045765,-20.974693,-20.90358,-20.832458,-20.761375,-20.832458,-20.90358,-20.974693,-21.045765,-21.116884,-21.187998,-21.116884,-21.045765,-20.974693,-20.90358,-20.832458,-20.761375,-20.832458,-20.90358,-20.974693,-21.045765,-21.116884,-21.187998,-21.116884,-21.045765,-20.974693,-20.90358,-20.832458,-20.761375,-20.832458,-20.90358,-20.974693,-21.045765,-21.116884,-21.187998,-21.116884,-21.045765,-20.974693
82,86,-8.098718,-8.071277,-8.043809,-8.01634,-8.043809,-8.071277,-8.098718,-8.126185,-8.153633,-8.181102,-8.153633,-8.126185,-8.098718,-8.071277,-8.043809,-8.01634,-8.043809,-8.071277,-8.098718,-8.126185,-8.153633,-8.181102,-8.153633,-8.126185,-8.098718,-8.071277,-8.043809,-8.01634,-8.043809,-8.071277,-8.098718,-8.126185,-8.153633,-8.181102,-8.153633,-8.126185,-8.098718,-8.071277,-8.043809,-8.01634,-8.043809,-8.071277,-8.098718,-8.126185,-8.153633,-8.181102,-8.153633,-8.126185,-8.098718
81,87,-12.095028,-12.054041,-12.013019,-11.972032,-12.013019,-12.054041,-12.095028,-12.136049,-12.177035,-12.218021,-12.177035,-12.136049,-12.095028,-12.054041,-12.013019,-11.972032,-12.013019,-12.054041,-12.095028,-12.136049,-12.177035,-12.218021,-12.177035,-12.136049,-12.095028,-12.054041,-12.013019,-11.972032,-12.013019,-12.054041,-12.095028,-12.136049,-12.177035,-12.218021,-12.177035,-12.136049,-12.095028,-12.054041,-12.013019,-11.972032,-12.013019,-12.054041,-12.095028,-12.136049,-12.177035,-12.218021,-12.177035,-12.136049,-12.095028
85,26,-3.7934682,-3.7805986,-3.7677405,-3.75487,-3.7677405,-3.7805986,-3.7934694,-3.8063276,-3.8191984,-3.8320699,-3.8191984,-3.8063276,-3.7934694,-3.7805986,-3.7677405,-3.75487,-3.7677405,-3.7805986,-3.7934694,-3.8063276,-3.8191984,-3.8320699,-3.8191984,-3.8063276,-3.7934694,-3.7805986,-3.7677405,-3.75487,-3.7677405,-3.7805986,-3.7934694,-3.8063276,-3.8191984,-3.8320699,-3.8191984,-3.8063276,-3.7934694,-3.7805986,-3.7677405,-3.75487,-3.7677405,-3.7805986,-3.7934694,-3.8063276,-3.8191984,-3.8320699,-3.8191984,-3.8063276,-3.7934694
86,84,-7.1888433,-7.1644607,-7.1400948,-7.115736,-7.1400948,-7.1644607,-7.1888433,-7.2132087,-7.2375655,-7.261931,-7.2375655,-7.2132087,-7.1888433,-7.1644607,-7.1400948,-7.115736,-7.1400948,-7.1644607,-7.1888433,-7.2132087,-7.2375655,-7.261931,-7.2375655,-7.2132087,-7.1888433,-7.1644607,-7.1400948,-7.115736,-7.1400948,-7.1644607,-7.1888433,-7.2132087,-7.2375655,-7.261931,-7.2375655,-7.2132087,-7.1888433,-7.1644607,-7.1400948,-7.115736,-7.1400948,-7.1644607,-7.1888433,-7.2132087,-7.2375655,-7.261931,-7.2375655,-7.2132087,-7.1888433
87,86,-7.2726274,-7.2479644,-7.223325,-7.198662,-7.223325,-7.2479644,-7.2726274,-7.2972674,-7.321931,-7.34658,-7.321931,-7.2972674,-7.2726274,-7.2479644,-7.223325,-7.198662,-7.223325,-7.2479644,-7.2726274,-7.2972674,-7.321931,-7.34658,-7.321931,-7.2972674,-7.2726274,-7.2479644,-7.223325,-7.198662,-7.223325,-7.2479644,-7.2726274,-7.2972674,-7.321931,-7.34658,-7.321931,-7.2972674,-7.2726274,-7.2479644,-7.223325,-7.198662,-7.223325,-7.2479644,-7.2726274,-7.2972674,-7.321931,-7.34658,-7.321931,-7.2972674,-7.2726274
84,88,-11.707494,-11.667774,-11.628088,-11.588415,-11.628088,-11.667774,-11.707494,-11.747164,-11.786853,-11.826556,-11.786853,-11.747164,-11.707494,-11.667774,-11.628088,-11.588415,-11.628088,-11.667774,-11.707494,-11.747164,-11.786853,-11.826556,-11.786853,-11.747164,-11.707494,-11.667774,-11.628088,-11.588415,-11.628088,-11.667774,-11.707494,-11.747164,-11.786853,-11.826556,-11.786853,-11.747164,-11.707494,-11.667774,-11.628088,-11.588415,-11.628088,-11.667774,-11.707494,-11.747164,-11.786853,-11.826556,-11.786853,-11.747164,-11.707494
90,88,-6.2141194,-6.1930537,-6.1719866,-6.150928,-6.1719866,-6.1930537,-6.214119,-6.235186,-6.256251,-6.277309,-6.256251,-6.235186,-6.214119,-6.1930537,-6.1719866,-6.150928,-6.1719866,-6.1930537,-6.214119,-6.235186,-6.256251,-6.277309,-6.256251,-6.235186,-6.214119,-6.1930537,-6.1719866,-6.150928,-6.1719866,-6.1930537,-6.214119,-6.235186,-6.256251,-6.277309,-6.256251,-6.235186,-6.214119,-6.1930537,-6.1719866,-6.150928,-6.1719866,-6.1930537,-6.214119,-6.235186,-6.256251,-6.277309,-6.256251,-6.235186,-6.214119
89,24,-4.569329,-4.5538344,-4.5383472,-4.522853,-4.5383472,-4.5538344,-4.5693293,-4.584817,-4.6003046,-4.6157985,-4.6003046,-4.584817,-4.5693293,-4.5538344,-4.5383472,-4.522853,-4.5383472,-4.5538344,-4.5693293,-4.584817,-4.6003046,-4.6157985,-4.6003046,-4.584817,-4.5693293,-4.5538344,-4.5383472,-4.522853,-4.5383472,-4.5538344,-4.5693293,-4.584817,-4.6003046,-4.6157985,-4.6003046,-4.584817,-4.5693293,-4.5538344,-4.5383472,-4.522853,-4.5383472,-4.5538344,-4.5693293,-4.584817,-4.6003046,-4.6157985,-4.6003046,-4.584817,-4.5693293
86,90,-4.6397753,-4.6240435,-4.6083107,-4.5925813,-4.6083107,-4.6240435,-4.6397753,-4.6555047,-4.671226,-4.686955,-4.671226,-4.6555047,-4.6397753,-4.6240435,-4.6083107,-4.5925813,-4.6083107,-4.6240435,-4.6397753,-4.6555047,-4.671226,-4.686955,-4.671226,-4.6555047,-4.6397753,-4.6240435,-4.6083107,-4.5925813,-4.6083107,-4.6240435,-4.6397753,-4.6555047,-4.671226,-4.686955,-4.671226,-4.6555047,-4.6397753,-4.6240435,-4.6083107,-4.5925813,-4.6083107,-4.6240435,-4.6397753,-4.6555047,-4.671226,-4.686955,-4.671226,-4.6555047,-4.6397753
91,90,-2.7156928,-2.7064865,-2.69728,-2.6880686,-2.69728,-2.7064865,-2.7156909,-2.7248971,-2.7341084,-2.7433076,-2.7341084,-2.7248971,-2.7156909,-2.7064865,-2.69728,-2.6880686,-2.69728,-2.7064865,-2.7156909,-2.7248971,-2.7341084,-2.7433076,-2.7341084,-2.7248971,-2.7156909,-2.7064865,-2.69728,-2.6880686,-2.69728,-2.7064865,-2.7156909,-2.7248971,-2.7341084,-2.7433076,-2.7341084,-2.7248971,-2.7156909,-2.7064865,-2.69728,-2.6880686,-2.69728,-2.7064865,-2.7156909,-2.7248971,-2.7341084,-2.7433076,-2.7341084,-2.7248971,-2.7156909
87,91,-3.2547166,-3.2436802,-3.232653,-3.2216153,-3.232653,-3.2436802,-3.2547178,-3.2657452,-3.276783,-3.28781,-3.276783,-3.2657452,-3.2547178,-3.2436802,-3.232653,-3.2216153,-3.232653,-3.2436802,-3.2547178,-3.2657452,-3.276783,-3.28781,-3.276783,-3.2657452,-3.2547178,-3.2436802,-3.232653,-3.2216153,-3.232653,-3.2436802,-3.2547178,-3.2657452,-3.276783,-3.28781,-3.276783,-3.2657452,-3.2547178,-3.2436802,-3.232653,-3.2216153,-3.232653,-3.2436802,-3.2547178,-3.2657452,-3.276783,-3.28781,-3.276783,-3.2657452,-3.2547178
91,98,-2.5438704,-2.5352466,-2.5266194,-2.5179963,-2.5266194,-2.5352466,-2.5438697,-2.5524917,-2.5611181,-2.5697398,-2.5611181,-2.5524917,-2.5438697,-2.5352466,-2.5266194,-2.5179963,-2.5266194,-2.5352466,-2.5438697,-2.5524917,-2.5611181,-2.5697398,-2.5611181,-2.5524917,-2.5438697,-2.5352466,-2.5266194,-2.5179963,-2.5266194,-2.5352466,-2.5438697,-2.5524917,-2.5611181,-2.5697398,-2.5611181,-2.5524917,-2.5438697,-2.5352466,-2.5266194,-2.5179963,-2.5266194,-2.5352466,-2.5438697,-2.5524917,-2.5611181,-2.5697398,-2.5611181,-2.5524917,-2.5438697
100,98,-1.240823,-1.2366202,-1.2324159,-1.228209,-1.2324159,-1.2366202,-1.2408271,-1.245034,-1.2492408,-1.2534443,-1.2492408,-1.245034,-1.2408271,-1.2366202,-1.2324159,-1.228209,-1.2324159,-1.2366202,-1.2408271,-1.245034,-1.2492408,-1.2534443,-1.2492408,-1.245034,-1.2408271,-1.2366202,-1.2324159,-1.228209,-1.2324159,-1.2366202,-1.2408271,-1.245034,-1.2492408,-1.2534443,-1.2492408,-1.245034,-1.2408271,-1.2366202,-1.2324159,-1.228209,-1.2324159,-1.2366202,-1.2408271,-1.245034,-1.2492408,-1.2534443,-1.2492408,-1.245034,-1.2408271
113,100,-2.3687217,-2.3606956,-2.3526666,-2.3446364,-2.3526666,-2.3606956,-2.36873,-2.3767588,-2.3847878,-2.3928163,-2.3847878,-2.3767588,-2.36873,-2.3606956,-2.3526666,-2.3446364,-2.3526666,-2.3606956,-2.36873,-2.3767588,-2.3847878,-2.3928163,-2.3847878,-2.3767588,-2.36873,-2.3606956,-2.3526666,-2.3446364,-2.3526666,-2.3606956,-2.36873,-2.3767588,-2.3847878,-2.3928163,-2.3847878,-2.3767588,-2.36873,-2.3606956,-2.3526666,-2.3446364,-2.3526666,-2.3606956,-2.36873,-2.3767588,-2.3847878,-2.3928163,-2.3847878,-2.3767588,-2.36873
104,100,-5.6418705,-5.622752,-5.603627,-5.5845003,-5.603627,-5.622752,-5.641871,-5.6609983,-5.6801243,-5.699255,-5.6801243,-5.6609983,-5.641871,-5.622752,-5.603627,-5.5845003,-5.603627,-5.622752,-5.641871,-5.6609983,-5.6801243,-5.699255,-5.6801243,-5.6609983,-5.641871,-5.622752,-5.603627,-5.5845003,-5.603627,-5.622752,-5.641871,-5.6609983,-5.6801243,-5.699255,-5.6801243,-5.6609983,-5.641871,-5.622752,-5.603627,-5.5845003,-5.603627,-5.622752,-5.641871,-5.6609983,-5.6801243,-5.699255,-5.6801243,-5.6609983,-5.641871
79,104,-1.6268101,-1.6212994,-1.6157808,-1.6102678,-1.6157808,-1.6212994,-1.6268109,-1.632329,-1.6378424,-1.6433553,-1.6378424,-1.632329,-1.6268109,-1.6212994,-1.6157808,-1.6102678,-1.6157808,-1.6212994,-1.6268109,-1.632329,-1.6378424,-1.6433553,-1.6378424,-1.632329,-1.6268109,-1.6212994,-1.6157808,-1.6102678,-1.6157808,-1.6212994,-1.6268109,-1.632329,-1.6378424,-1.6433553,-1.6378424,-1.632329,-1.6268109,-1.6212994,-1.6157808,-1.6102678,-1.6157808,-1.6212994,-1.6268109,-1.632329,-1.6378424,-1.6433553,-1.6378424,-1.632329,-1.6268109
105,104,-1.6832693,-1.6775671,-1.6718589,-1.6661545,-1.6718589,-1.6775671,-1.6832694,-1.6889772,-1.6946853,-1.7003876,-1.6946853,-1.6889772,-1.6832694,-1.6775671,-1.6718589,-1.6661545,-1.6718589,-1.6775671,-1.6832694,-1.6889772,-1.6946853,-1.7003876,-1.6946853,-1.6889772,-1.6832694,-1.6775671,-1.6718589,-1.6661545,-1.6718589,-1.6775671,-1.6832694,-1.6889772,-1.6946853,-1.7003876,-1.6946853,-1.6889772,-1.6832694,-1.6775671,-1.6718589,-1.6661545,-1.6718589,-1.6775671,-1.6832694,-1.6889772,-1.6946853,-1.7003876,-1.6946853,-1.6889772,-1.6832694
103,105,-2.0636122,-2.0566177,-2.0496233,-2.042623,-2.0496233,-2.0566177,-2.0636122,-2.0706105,-2.077605,-2.0845978,-2.077605,-2.0706105,-2.0636122,-2.0566177,-2.0496233,-2.042623,-2.0496233,-2.0566177,-2.0636122,-2.0706105,-2.077605,-2.0845978,-2.077605,-2.0706105,-2.0636122,-2.0566177,-2.0496233,-2.042623,-2.0496233,-2.0566177,-2.0636122,-2.0706105,-2.077605,-2.0845978,-2.077605,-2.0706105,-2.0636122,-2.0566177,-2.0496233,-2.042623,-2.0496233,-2.0566177,-2.0636122,-2.0706105,-2.077605,-2.0845978,-2.077605,-2.0706105,-2.0636122
78,103,-3.7680354,-3.7552614,-3.74249,-3.7297068,-3.74249,-3.7552614,-3.7680357,-3.780807,-3.7935777,-3.806348,-3.7935777,-3.780807,-3.7680357,-3.7552614,-3.74249,-3.7297068,-3.74249,-3.7552614,-3.7680357,-3.780807,-3.7935777,-3.806348,-3.7935777,-3.780807,-3.7680357,-3.7552614,-3.74249,-3.7297068,-3.74249,-3.7552614,-3.7680357,-3.780807,-3.7935777,-3.806348,-3.7935777,-3.780807,-3.7680357,-3.7552614,-3.74249,-3.7297068,-3.74249,-3.7552614,-3.7680357,-3.780807,-3.7935777,-3.806348,-3.7935777,-3.780807,-3.7680357
88,92,-2.1693432,-2.1619878,-2.1546328,-2.1472778,-2.1546328,-2.1619878,-2.1693428,-2.1766977,-2.184053,-2.1914077,-2.184053,-2.1766977,-2.1693428,-2.1619878,-2.1546328,-2.1472778,-2.1546328,-2.1619878,-2.1693428,-2.1766977,-2.184053,-2.1914077,-2.184053,-2.1766977,-2.1693428,-2.1619878,-2.1546328,-2.1472778,-2.1546328,-2.1619878,-2.1693428,-2.1766977,-2.184053,-2.1914077,-2.184053,-2.1766977,-2.1693428,-2.1619878,-2.1546328,-2.1472778,-2.1546328,-2.1619878,-2.1693428,-2.1766977,-2.184053,-2.1914077,-2.184053,-2.1766977,-2.1693428
90,92,-6.9781046,-6.95445,-6.9307723,-6.907118,-6.9307723,-6.95445,-6.9781046,-7.0017595,-7.0254145,-7.049069,-7.0254145,-7.0017595,-6.9781046,-6.95445,-6.9307723,-6.907118,-6.9307723,-6.95445,-6.9781046,-7.0017595,-7.0254145,-7.049069,-7.0254145,-7.0017595,-6.9781046,-6.95445,-6.9307723,-6.907118,-6.9307723,-6.95445,-6.9781046,-7.0017595,-7.0254145,-7.049069,-7.0254145,-7.0017595,-6.9781046,-6.95445,-6.9307723,-6.907118,-6.9307723,-6.95445,-6.9781046,-7.0017595,-7.0254145,-7.049069,-7.0254145,-7.0017595,-6.9781046
92,93,-4.678841,-4.6629777,-4.6471095,-4.6312456,-4.6471095,-4.6629777,-4.678841,-4.6947017,-4.7105727,-4.726425,-4.7105727,-4.6947017,-4.678841,-4.6629777,-4.6471095,-4.6312456,-4.6471095,-4.6629777,-4.678841,-4.6947017,-4.7105727,-4.726425,-4.7105727,-4.6947017,-4.678841,-4.6629777,-4.6471095,-4.6312456,-4.6471095,-4.6629777,-4.678841,-4.6947017,-4.7105727,-4.726425,-4.7105727,-4.6947017,-4.678841,-4.6629777,-4.6471095,-4.6312456,-4.6471095,-4.6629777,-4.678841,-4.6947017,-4.7105727,-4.726425,-4.7105727,-4.6947017,-4.678841
96,93,-19.36571,-19.300081,-19.234386,-19.168758,-19.234386,-19.300081,-19.36571,-19.43136,-19.497025,-19.56264,-19.497025,-19.43136,-19.36571,-19.300081,-19.234386,-19.168758,-19.234386,-19.300081,-19.36571,-19.43136,-19.497025,-19.56264,-19.497025,-19.43136,-19.36571,-19.300081,-19.234386,-19.168758,-19.234386,-19.300081,-19.36571,-19.43136,-19.497025,-19.56264,-19.497025,-19.43136,-19.36571,-19.300081,-19.234386,-19.168758,-19.234386,-19.300081,-19.36571,-19.43136,-19.497025,-19.56264,-19.497025,-19.43136,-19.36571
95,93,-19.866428,-19.799055,-19.731722,-19.664352,-19.731722,-19.799055,-19.866428,-19.93376,-20.001091,-20.068464,-20.001091,-19.93376,-19.866428,-19.799055,-19.731722,-19.664352,-19.731722,-19.799055,-19.866428,-19.93376,-20.001091,-20.068464,-20.001091,-19.93376,-19.866428,-19.799055,-19.731722,-19.664352,-19.731722,-19.799055,-19.866428,-19.93376,-20.001091,-20.068464,-20.001091,-19.93376,-19.866428,-19.799055,-19.731722,-19.664352,-19.731722,-19.799055,-19.866428,-19.93376,-20.001091,-20.068464,-20.001091,-19.93376,-19.866428
97,95,3.806369,3.7934713,3.7805703,3.7676666,3.7805703,3.7934713,3.806375,3.8192797,3.832184,3.845089,3.832184,3.8192797,3.806375,3.7934713,3.7805703,3.7676666,3.7805703,3.7934713,3.806375,3.8192797,3.832184,3.845089,3.832184,3.8192797,3.806375,3.7934713,3.7805703,3.7676666,3.7805703,3.7934713,3.806375,3.8192797,3.832184,3.845089,3.832184,3.8192797,3.806375,3.7934713,3.7805703,3.7676666,3.7805703,3.7934713,3.806375,3.8192797,3.832184,3.845089,3.832184,3.8192797,3.806375
97,96,-7.6095276,-7.583747,-7.5579476,-7.5321417,-7.5579476,-7.583747,-7.6095276,-7.635327,-7.661133,-7.6869316,-7.661133,-7.635327,-7.6095276,-7.583747,-7.5579476,-7.5321417,-7.5579476,-7.583747,-7.6095276,-7.635327,-7.661133,-7.6869316,-7.661133,-7.635327,-7.6095276,-7.583747,-7.5579476,-7.5321417,-7.5579476,-7.583747,-7.6095276,-7.635327,-7.661133,-7.6869316,-7.661133,-7.635327,-7.6095276,-7.583747,-7.5579476,-7.5321417,-7.5579476,-7.583747,-7.6095276,-7.635327,-7.661133,-7.6869316,-7.661133,-7.635327,-7.6095276
98,97,-16.437773,-16.382055,-16.326328,-16.270607,-16.326328,-16.382055,-16.437777,-16.49349,-16.549261,-16.60499,-16.549261,-16.49349,-16.437777,-16.382055,-16.326328,-16.270607,-16.326328,-16.382055,-16.437777,-16.49349,-16.549261,-16.60499,-16.549261,-16.49349,-16.437777,-16.382055,-16.326328,-16.270607,-16.326328,-16.382055,-16.437777,-16.49349,-16.549261,-16.60499,-16.549261,-16.49349,-16.437777,-16.382055,-16.326328,-16.270607,-16.326328,-16.382055,-16.437777,-16.49349,-16.549261,-16.60499,-16.549261,-16.49349,-16.437777
99,96,-13.667182,-13.620845,-13.574511,-13.5281725,-13.574511,-13.620845,-13.667183,-13.713522,-13.759814,-13.806152,-13.759814,-13.713522,-13.667183,-13.620845,-13.574511,-13.5281725,-13.574511,-13.620845,-13.667183,-13.713522,-13.759814,-13.806152,-13.759814,-13.713522,-13.667183,-13.620845,-13.574511,-13.5281725,-13.574511,-13.620845,-13.667183,-13.713522,-13.759814,-13.806152,-13.759814,-13.713522,-13.667183,-13.620845,-13.574511,-13.5281725,-13.574511,-13.620845,-13.667183,-13.713522,-13.759814,-13.806152,-13.759814,-13.713522,-13.667183
100,99,-12.747115,-12.703901,-12.660687,-12.617474,-12.660687,-12.703901,-12.747115,-12.790329,-12.833544,-12.876758,-12.833544,-12.790329,-12.747115,-12.703901,-12.660687,-12.617474,-12.660687,-12.703901,-12.747115,-12.790329,-12.833544,-12.876758,-12.833544,-12.790329,-12.747115,-12.703901,-12.660687,-12.617474,-12.660687,-12.703901,-12.747115,-12.790329,-12.833544,-12.876758,-12.833544,-12.790329,-12.747115,-12.703901,-12.660687,-12.617474,-12.660687,-12.703901,-12.747115,-12.790329,-12.833544,-12.876758,-12.833544,-12.790329,-12.747115
101,99,-0.4504677,-0.44893977,-0.44741338,-0.44588548,-0.44741338,-0.44893977,-0.4504677,-0.45199415,-0.4535206,-0.4550484,-0.4535206,-0.45199415,-0.4504677,-0.44893977,-0.44741338,-0.44588548,-0.44741338,-0.44893977,-0.4504677,-0.45199415,-0.4535206,-0.4550484,-0.4535206,-0.45199415,-0.4504677,-0.44893977,-0.44741338,-0.44588548,-0.44741338,-0.44893977,-0.4504677,-0.45199415,-0.4535206,-0.4550484,-0.4535206,-0.45199415,-0.4504677,-0.44893977,-0.44741338,-0.44588548,-0.44741338,-0.44893977,-0.4504677,-0.45199415,-0.4535206,-0.4550484,-0.4535206,-0.45199415,-0.4504677
104,101,5.3264413,5.308387,5.2903214,5.2722697,5.2903214,5.308387,5.3264413,5.344503,5.362557,5.380609,5.362557,5.344503,5.3264413,5.308387,5.2903214,5.2722697,5.2903214,5.308387,5.3264413,5.344503,5.362557,5.380609,5.362557,5.344503,5.3264413,5.308387,5.2903214,5.2722697,5.2903214,5.308387,5.3264413,5.344503,5.362557,5.380609,5.362557,5.344503,5.3264413,5.308387,5.2903214,5.2722697,5.2903214,5.308387,5.3264413,5.344503,5.362557,5.380609,5.362557,5.344503,5.3264413
102,101,-4.5081763,-4.492893,-4.477613,-4.462335,-4.477613,-4.492893,-4.5081763,-4.5234623,-4.5387464,-4.554026,-4.5387464,-4.5234623,-4.5081763,-4.492893,-4.477613,-4.462335,-4.477613,-4.492893,-4.5081763,-4.5234623,-4.5387464,-4.554026,-4.5387464,-4.5234623,-4.5081763,-4.492893,-4.477613,-4.462335,-4.477613,-4.492893,-4.5081763,-4.5234623,-4.5387464,-4.554026,-4.5387464,-4.5234623,-4.5081763,-4.492893,-4.477613,-4.462335,-4.477613,-4.492893,-4.5081763,-4.5234623,-4.5387464,-4.554026,-4.5387464,-4.5234623,-4.5081763
105,102,-1.2942507,-1.2898637,-1.2854768,-1.2810868,-1.2854768,-1.2898637,-1.2942507,-1.2986383,-1.3030282,-1.3074157,-1.3030282,-1.2986383,-1.2942507,-1.2898637,-1.2854768,-1.2810868,-1.2854768,-1.2898637,-1.2942507,-1.2986383,-1.3030282,-1.3074157,-1.3030282,-1.2986383,-1.2942507,-1.2898637,-1.2854768,-1.2810868,-1.2854768,-1.2898637,-1.2942507,-1.2986383,-1.3030282,-1.3074157,-1.3030282,-1.2986383,-1.2942507,-1.2898637,-1.2854768,-1.2810868,-1.2854768,-1.2898637,-1.2942507,-1.2986383,-1.3030282,-1.3074157,-1.3030282,-1.2986383,-1.2942507
103,102,-1.9627538,-1.9560999,-1.9494455,-1.9427911,-1.9494455,-1.9560999,-1.9627542,-1.9694083,-1.9760627,-1.9827152,-1.9760627,-1.9694083,-1.9627542,-1.9560999,-1.9494455,-1.9427911,-1.9494455,-1.9560999,-1.9627542,-1.9694083,-1.9760627,-1.9827152,-1.9760627,-1.9694083,-1.9627542,-1.9560999,-1.9494455,-1.9427911,-1.9494455,-1.9560999,-1.9627542,-1.9694083,-1.9760627,-1.9827152,-1.9760627,-1.9694083,-1.9627542,-1.9560999,-1.9494455,-1.9427911,-1.9494455,-1.9560999,-1.9627542,-1.9694083,-1.9760627,-1.9827152,-1.9760627,-1.9694083,-1.9627542
75,106,-0.64868605,-0.6464881,-0.64428824,-0.64208955,-0.64428824,-0.6464881,-0.64868647,-0.65088636,-0.6530847,-0.6552845,-0.6530847,-0.65088636,-0.64868647,-0.6464881,-0.64428824,-0.64208955,-0.64428824,-0.6464881,-0.64868647,-0.65088636,-0.6530847,-0.6552845,-0.6530847,-0.65088636,-0.64868647,-0.6464881,-0.64428824,-0.64208955,-0.64428824,-0.6464881,-0.64868647,-0.65088636,-0.6530847,-0.6552845,-0.6530847,-0.65088636,-0.64868647,-0.6464881,-0.64428824,-0.64208955,-0.64428824,-0.6464881,-0.64868647,-0.65088636,-0.6530847,-0.6552845,-0.6530847,-0.65088636,-0.64868647
64,107,1.0259378,1.0224577,1.0189803,1.0155001,1.0189803,1.0224577,1.025938,1.0294149,1.0328954,1.036373,1.0328954,1.0294149,1.025938,1.0224577,1.0189803,1.0155001,1.0189803,1.0224577,1.025938,1.0294149,1.0328954,1.036373,1.0328954,1.0294149,1.025938,1.0224577,1.0189803,1.0155001,1.0189803,1.0224577,1.025938,1.0294149,1.0328954,1.036373,1.0328954,1.0294149,1.025938,1.0224577,1.0189803,1.0155001,1.0189803,1.0224577,1.025938,1.0294149,1.0328954,1.036373,1.0328954,1.0294149,1.025938
107,108,-0.2799658,-0.27231407,-0.27134952,-0.2704234,-0.27134952,-0.2722756,-0.2732017,-0.2741278,-0.27505392,-0.27598003,-0.27505392,-0.2741278,-0.2732017,-0.2722756,-0.27134952,-0.2704234,-0.27134952,-0.2722756,-0.2732017,-0.2741278,-0.27505392,-0.27598003,-0.27505392,-0.2741278,-0.2732017,-0.2722756,-0.27134952,-0.2704234,-0.27134952,-0.2722756,-0.2732017,-0.2741278,-0.27505392,-0.27598003,-0.27505392,-0.2741278,-0.2732017,-0.2722756,-0.27134952,-0.2704234,-0.27134952,-0.2722756,-0.2732017,-0.2741278,-0.27505392,-0.27598003,-0.27505392,-0.2741278,-0.2732017
108,109,2.3236492,2.3157692,2.3078966,2.3000147,2.3078966,2.3157692,2.3236508,2.3315277,2.3394098,2.3472884,2.3394098,2.3315277,2.3236508,2.3157692,2.3078966,2.3000147,2.3078966,2.3157692,2.3236508,2.3315277,2.3394098,2.3472884,2.3394098,2.3315277,2.3236508,2.3157692,2.3078966,2.3000147,2.3078966,2.3157692,2.3236508,2.3315277,2.3394098,2.3472884,2.3394098,2.3315277,2.3236508,2.3157692,2.3078966,2.3000147,2.3078966,2.3157692,2.3236508,2.3315277,2.3394098,2.3472884,2.3394098,2.3315277,2.3236508
64,109,1.9147422,1.9082495,1.9017566,1.8952638,1.9017566,1.9082495,1.9147424,1.9212353,1.92773,1.9342229,1.92773,1.9212353,1.9147424,1.9082495,1.9017566,1.8952638,1.9017566,1.9082495,1.9147424,1.9212353,1.92773,1.9342229,1.92773,1.9212353,1.9147424,1.9082495,1.9017566,1.8952638,1.9017566,1.9082495,1.9147424,1.9212353,1.92773,1.9342229,1.92773,1.9212353,1.9147424,1.9082495,1.9017566,1.8952638,1.9017566,1.9082495,1.9147424,1.9212353,1.92773,1.9342229,1.92773,1.9212353,1.9147424
109,63,-2.3176224,-2.3097613,-2.3019092,-2.2940524,-2.3019092,-2.3097613,-2.317623,-2.3254762,-2.3333323,-2.3411903,-2.3333323,-2.3254762,-2.317623,-2.3097613,-2.3019092,-2.2940524,-2.3019092,-2.3097613,-2.317623,-2.3254762,-2.3333323,-2.3411903,-2.3333323,-2.3254762,-2.317623,-2.3097613,-2.3019092,-2.2940524,-2.3019092,-2.3097613,-2.317623,-2.3254762,-2.3333323,-2.3411903,-2.3333323,-2.3254762,-2.317623,-2.3097613,-2.3019092,-2.2940524,-2.3019092,-2.3097613,-2.317623,-2.3254762,-2.3333323,-2.3411903,-2.3333323,-2.3254762,-2.317623
75,53,0.73157066,0.7290878,0.7266068,0.72412384,0.7266068,0.7290878,0.73157084,0.73405397,0.7365352,0.7390199,0.7365352,0.73405397,0.73157084,0.7290878,0.7266068,0.72412384,0.7266068,0.7290878,0.73157084,0.73405397,0.7365352,0.7390199,0.7365352,0.73405397,0.73157084,0.7290878,0.7266068,0.72412384,0.7266068,0.7290878,0.73157084,0.73405397,0.7365352,0.7390199,0.7365352,0.73405397,0.73157084,0.7290878,0.7266068,0.72412384,0.7266068,0.7290878,0.73157084,0.73405397,0.7365352,0.7390199,0.7365352,0.73405397,0.73157084
94,61,4.1529717,4.1388855,4.124801,4.110728,4.124801,4.1388855,4.1529727,4.1670585,4.1811333,4.19522,4.1811333,4.1670585,4.1529727,4.1388855,4.124801,4.110728,4.124801,4.1388855,4.1529727,4.1670585,4.1811333,4.19522,4.1811333,4.1670585,4.1529727,4.1388855,4.124801,4.110728,4.124801,4.1388855,4.1529727,4.1670585,4.1811333,4.19522,4.1811333,4.1670585,4.1529727,4.1388855,4.124801,4.110728,4.124801,4.1388855,4.1529727,4.1670585,4.1811333,4.19522,4.1811333,4.1670585,4.1529727
106,62,-30.649673,-30.545776,-30.441887,-30.337896,-30.441887,-30.545776,-30.649673,-30.753588,-30.857483,-30.961374,-30.857483,-30.753588,-30.649673,-30.545776,-30.441887,-30.337896,-30.441887,-30.545776,-30.649673,-30.753588,-30.857483,-30.961374,-30.857483,-30.753588,-30.649673,-30.545776,-30.441887,-30.337896,-30.441887,-30.545776,-30.649673,-30.753588,-30.857483,-30.961374,-30.857483,-30.753588,-30.649673,-30.545776,-30.441887,-30.337896,-30.441887,-30.545776,-30.649673,-30.753588,-30.857483,-30.961374,-30.857483,-30.753588,-30.649673
43,111,-19.41252,-19.346678,-19.280912,-19.215096,-19.280912,-19.346678,-19.41252,-19.478338,-19.544104,-19.609947,-19.544104,-19.478338,-19.41252,-19.346678,-19.280912,-19.215096,-19.280912,-19.346678,-19.41252,-19.478338,-19.544104,-19.609947,-19.544104,-19.478338,-19.41252,-19.346678,-19.280912,-19.215096,-19.280912,-19.346678,-19.41252,-19.478338,-19.544104,-19.609947,-19.544104,-19.478338,-19.41252,-19.346678,-19.280912,-19.215096,-19.280912,-19.346678,-19.41252,-19.478338,-19.544104,-19.609947,-19.544104,-19.478338,-19.41252
112,71,-27.882748,-27.788275,-27.693718,-27.599157,-27.693718,-27.788275,-27.882748,-27.977308,-28.071804,-28.16637,-28.071804,-27.977308,-27.882748,-27.788275,-27.693718,-27.599157,-27.693718,-27.788275,-27.882748,-27.977308,-28.071804,-28.16637,-28.071804,-27.977308,-27.882748,-27.788275,-27.693718,-27.599157,-27.693718,-27.788275,-27.882748,-27.977308,-28.071804,-28.16637,-28.071804,-27.977308,-27.882748,-27.788275,-27.693718,-27.599157,-27.693718,-27.788275,-27.882748,-27.977308,-28.071804,-28.16637,-28.071804,-27.977308,-27.882748
13,113,-29.259531,-29.160345,-29.061096,-28.961908,-29.061096,-29.160345,-29.259533,-29.35869,-29.457876,-29.557037,-29.457876,-29.35869,-29.259533,-29.160345,-29.061096,-28.961908,-29.061096,-29.160345,-29.259533,-29.35869,-29.457876,-29.557037,-29.457876,-29.35869,-29.259533,-29.160345,-29.061096,-28.961908,-29.061096,-29.160345,-29.259533,-29.35869,-29.457876,-29.557037,-29.457876,-29.35869,-29.259533,-29.160345,-29.061096,-28.961908,-29.061096,-29.160345,-29.259533,-29.35869,-29.457876,-29.557037,-29.457876,-29.35869,-29.259533
110,114,-0.287391,-0.28337392,-0.28239572,-0.2814322,-0.28239572,-0.28335994,-0.2843238,-0.28528786,-0.28625134,-0.28721482,-0.28625134,-0.28528786,-0.2843238,-0.28335994,-0.28239572,-0.2814322,-0.28239572,-0.28335994,-0.2843238,-0.28528786,-0.28625134,-0.28721482,-0.28625134,-0.28528786,-0.2843238,-0.28335994,-0.28239572,-0.2814322,-0.28239572,-0.28335994,-0.2843238,-0.28528786,-0.28625134,-0.28721482,-0.28625134,-0.28528786,-0.2843238,-0.28335994,-0.28239572,-0.2814322,-0.28239572,-0.28335994,-0.2843238,-0.28528786,-0.28625134,-0.28721482,-0.28625134,-0.28528786,-0.2843238
