,Id,Source,Target,Weight
0,2677.0,394.0,606.0,24846.5404333326
1,2678.0,606.0,537.0,2055.901272662736
2,2679.0,611.0,629.0,4147.002153356388
3,2680.0,639.0,617.0,4107.817474566978
4,2681.0,624.0,628.0,2812.658451651174
5,2682.0,640.0,610.0,5142.838716296388
6,2683.0,630.0,612.0,2758.838952377898
7,2684.0,634.0,637.0,6008.01249028644
8,2685.0,618.0,615.0,1990.429045100862
9,2686.0,622.0,626.0,5847.52644519135
10,2687.0,614.0,632.0,4799.9999999996335
11,2688.0,638.0,631.0,3596.9260290610737
12,2689.0,635.0,621.0,6677.55798604188
13,2690.0,621.0,619.0,7576.204142193539
14,2691.0,609.0,631.0,6099.0619350795005
15,2692.0,623.0,615.0,2957.172746545266
16,2693.0,615.0,612.0,1858.5412322654279
17,2694.0,613.0,624.0,3127.443057206514
18,2695.0,641.0,640.0,7954.454966473139
19,2696.0,618.0,623.0,1740.033608723826
20,2697.0,613.0,611.0,2800.235864395038
21,2698.0,628.0,613.0,2557.944768889818
22,2699.0,612.0,629.0,1845.9033687753063
23,2700.0,629.0,607.0,1078.610591438436
24,2701.0,625.0,610.0,2645.161231721118
25,2702.0,611.0,630.0,1800.034767648222
26,2703.0,630.0,618.0,1740.0336087252178
27,2704.0,624.0,638.0,1871.205351040272
28,2705.0,638.0,609.0,1871.205351041664
29,2706.0,622.0,617.0,1799.999999998908
30,2707.0,617.0,635.0,6226.1765046379205
31,2708.0,626.0,639.0,4222.0650517694285
32,2709.0,643.0,608.0,1405.7781531628439
33,2710.0,608.0,642.0,1564.2218468355359
34,2711.0,621.0,643.0,4965.9634805736005
35,2712.0,643.0,619.0,4752.94372514913
36,2714.0,614.0,650.0,6120.0000000008395
37,2715.0,644.0,646.0,6119.99999999958
38,2717.0,603.0,647.0,1169.9999999993702
39,2718.0,648.0,600.0,1199.999999999826
40,2719.0,647.0,614.0,836.6911946068321
41,2720.0,642.0,644.0,4907.056274847264
42,2721.0,644.0,647.0,903.30880539234
43,2722.0,637.0,648.0,649.48214932665
44,2723.0,648.0,626.0,1150.517850673362
45,2724.0,641.0,625.0,6094.45496647266
46,2725.0,625.0,649.0,881.60830935861
47,2726.0,632.0,650.0,4800.000000001193
48,2727.0,650.0,646.0,1739.999999998608
49,2728.0,646.0,642.0,4611.186567944676
50,2729.0,649.0,640.0,978.391690641888
51,2730.0,640.0,637.0,8757.28833781512
52,2731.0,604.0,652.0,1199.999999999022
53,2733.0,653.0,655.0,3660.0000000015425
54,2734.0,652.0,616.0,3287.39244792354
55,2735.0,651.0,636.0,5378.242842795684
56,2736.0,616.0,655.0,2927.154413308722
57,2737.0,655.0,651.0,1799.999999998452
58,2738.0,636.0,653.0,3599.999999997618
59,2739.0,653.0,652.0,1045.453138771296
60,2741.0,633.0,602.0,1325.732971410096
61,2742.0,657.0,658.0,3676.305452691786
62,2743.0,658.0,633.0,3555.3084324991983
63,2744.0,633.0,657.0,3600.9970201909264
64,2745.0,657.0,627.0,4200.000000000294
65,2746.0,659.0,605.0,1230.000000000324
66,2747.0,631.0,659.0,972.1443296044259
67,2748.0,659.0,628.0,827.855670392466
68,2749.0,537.0,660.0,5897.6801721859265
69,2750.0,661.0,616.0,1800.00000000129
70,2751.0,627.0,661.0,762.845586693738
71,2752.0,661.0,658.0,3551.7027087887163
72,2753.0,662.0,601.0,1229.9863633552918
73,2754.0,610.0,662.0,3083.2564794335276
74,2755.0,662.0,641.0,1005.0000000032699
75,2756.0,664.0,559.0,3468.031565484
76,2757.0,663.0,664.0,3638.18188798599
77,2758.0,538.0,663.0,5307.328933074366
78,2759.0,663.0,535.0,2717.021247427044
79,2760.0,228.0,208.0,4952.270594879004
80,2761.0,230.0,215.0,3874.0302930670796
81,2762.0,227.0,233.0,8079.450902503104
82,2763.0,393.0,220.0,8246.479987174356
83,2764.0,231.0,225.0,9875.195714226757
84,2765.0,214.0,231.0,3887.6548258460757
85,2766.0,216.0,219.0,4297.186730262324
86,2767.0,225.0,232.0,6324.305435080571
87,2768.0,213.0,209.0,2027.004496269042
88,2769.0,218.0,223.0,2716.67127722244
89,2770.0,211.0,229.0,13001.686970946
90,2771.0,213.0,218.0,1558.445588691996
91,2772.0,224.0,228.0,6878.693000859997
92,2773.0,212.0,219.0,10563.10208954501
93,2774.0,235.0,230.0,8644.088787917424
94,2775.0,217.0,232.0,1075.296229983588
95,2776.0,215.0,216.0,5807.097944043864
96,2777.0,220.0,224.0,4866.19373853636
97,2778.0,228.0,214.0,9899.906528163732
98,2779.0,222.0,212.0,7400.991222315624
99,2780.0,237.0,238.0,1646.8609942890357
100,2781.0,238.0,239.0,4347.801099732876
101,2782.0,239.0,240.0,5997.151080307069
102,2783.0,240.0,241.0,6175.272515321328
103,2784.0,241.0,242.0,6427.697723140393
104,2785.0,242.0,243.0,2450.903059667064
105,2786.0,243.0,244.0,5975.849651527824
106,2787.0,244.0,245.0,6118.467640011948
107,2788.0,245.0,246.0,2989.690956019932
108,2789.0,246.0,247.0,5855.419579388796
109,2790.0,247.0,248.0,5304.565224285924
110,2791.0,248.0,249.0,11056.418211534325
111,2792.0,249.0,250.0,20218.81155910992
112,2793.0,250.0,251.0,16718.2743557088
113,2794.0,251.0,252.0,7327.70991152376
114,2795.0,252.0,253.0,3456.131023578132
115,2796.0,253.0,254.0,5712.9074160204245
116,2797.0,254.0,255.0,8723.758521724249
117,2798.0,256.0,257.0,9828.03070607489
118,2799.0,257.0,258.0,7313.340857686751
119,2800.0,258.0,259.0,6011.3868222673445
120,2801.0,259.0,260.0,8437.961435131669
121,2802.0,260.0,261.0,18378.424056831238
122,2803.0,261.0,236.0,9141.99707010492
123,2807.0,239.0,264.0,2652.9916138706462
124,2808.0,264.0,265.0,2413.5493962429236
125,2809.0,264.0,266.0,1250.2936750675199
126,2810.0,266.0,267.0,11310.238485989881
127,2811.0,267.0,268.0,1688.8736347335418
128,2812.0,268.0,269.0,1599.328162409178
129,2813.0,269.0,270.0,1648.320769910532
130,2815.0,270.0,272.0,6866.3534905593
131,2816.0,272.0,241.0,1107.1473621484201
132,2817.0,240.0,273.0,1116.9743002340101
133,2818.0,273.0,274.0,1683.809957392662
134,2819.0,274.0,272.0,1513.9813461615481
135,2820.0,274.0,270.0,6958.37544201876
136,2821.0,273.0,269.0,8873.52789601962
137,2822.0,273.0,266.0,4156.140228039426
138,2823.0,266.0,268.0,10949.651208189
139,2824.0,240.0,275.0,2971.96526778729
140,2825.0,275.0,276.0,5301.10056617895
141,2826.0,276.0,237.0,4359.77231714928
142,2827.0,242.0,277.0,1120.73945992767
143,2828.0,277.0,278.0,9082.77739275636
144,2829.0,278.0,279.0,1582.2694027515117
145,2830.0,279.0,280.0,1616.420689109436
146,2831.0,280.0,281.0,1646.986517027592
147,2832.0,281.0,282.0,4558.75698251487
148,2833.0,282.0,244.0,1093.988195147748
149,2834.0,282.0,283.0,1567.2207879272278
150,2835.0,283.0,284.0,1520.700499093992
151,2836.0,284.0,277.0,1617.3187460403478
152,2837.0,277.0,279.0,6016.141389251339
153,2838.0,284.0,280.0,4835.00226443121
154,2839.0,283.0,281.0,3753.930812126484
155,2840.0,243.0,285.0,4924.4089045739465
156,2841.0,285.0,286.0,1857.988923719046
157,2842.0,286.0,245.0,3535.615701161544
158,2845.0,246.0,289.0,1119.0172306757281
159,2846.0,289.0,290.0,8147.22672270006
160,2847.0,290.0,289.0,5507.527524083622
161,2848.0,276.0,291.0,6921.8471964033
162,2849.0,291.0,292.0,5058.807866113254
163,2853.0,292.0,296.0,3443.52049053951
164,2854.0,296.0,297.0,1616.3661651426241
165,2855.0,297.0,298.0,1790.671216574256
166,2856.0,298.0,248.0,1157.352597028122
167,2857.0,298.0,299.0,7008.430024991881
168,2858.0,299.0,296.0,8297.3621412423
169,2860.0,248.0,301.0,1161.008966926008
170,2861.0,301.0,302.0,4779.30822596712
171,2862.0,302.0,303.0,4553.792299247766
172,2863.0,303.0,304.0,1868.8775909948702
173,2864.0,304.0,305.0,4770.240919054056
174,2865.0,305.0,306.0,7966.0518943711195
175,2866.0,306.0,249.0,1077.346357187052
176,2867.0,306.0,301.0,5923.007972770104
177,2868.0,305.0,302.0,7361.8524028164
178,2872.0,310.0,311.0,3149.235482883852
179,2873.0,311.0,312.0,2539.209109133256
180,2874.0,312.0,313.0,908.304572695836
181,2875.0,313.0,314.0,3488.929893877644
182,2876.0,314.0,310.0,4027.1362759364165
183,2877.0,310.0,313.0,4145.254105151298
184,2878.0,312.0,315.0,1671.855587360064
185,2879.0,315.0,316.0,781.004412525702
186,2880.0,316.0,317.0,3614.412661296738
187,2881.0,317.0,260.0,1139.676535127988
188,2882.0,317.0,318.0,3685.9978230162305
189,2883.0,318.0,319.0,3722.27864348247
190,2884.0,319.0,315.0,3057.099814901184
191,2885.0,316.0,318.0,4247.300193950532
192,2886.0,259.0,321.0,1249.70385369228
193,2887.0,321.0,322.0,3571.206685363572
194,2888.0,322.0,323.0,4198.96509187602
195,2889.0,323.0,324.0,1991.62567139283
196,2890.0,324.0,325.0,11641.60584822876
197,2891.0,325.0,254.0,2126.377433302572
198,2892.0,321.0,326.0,4192.065776661054
199,2894.0,260.0,326.0,1076.181398260248
200,2898.0,324.0,331.0,1826.4246280492798
201,2899.0,331.0,332.0,6222.47207648496
202,2900.0,331.0,333.0,1652.4666307733041
203,2901.0,333.0,334.0,1561.580391402852
204,2902.0,334.0,335.0,1627.8057767607002
205,2903.0,335.0,336.0,1632.6238924725362
206,2904.0,336.0,337.0,1652.400423268764
207,2905.0,337.0,338.0,1963.4858900133659
208,2906.0,338.0,252.0,1015.0070300091841
209,2907.0,333.0,339.0,6180.36035945778
210,2908.0,339.0,340.0,1519.8237313421341
211,2909.0,340.0,341.0,1665.56544594309
212,2910.0,341.0,342.0,1612.639490474352
213,2911.0,342.0,343.0,1520.2876267591919
214,2912.0,343.0,344.0,1024.686512290842
215,2913.0,344.0,345.0,1650.7110389155978
216,2914.0,345.0,250.0,1124.952503089056
217,2915.0,346.0,334.0,1713.5700495173219
218,2916.0,347.0,340.0,1271.577479669676
219,2917.0,335.0,341.0,7139.680558751399
220,2918.0,336.0,342.0,8592.82257207606
221,2919.0,337.0,344.0,11062.75596252282
222,2920.0,345.0,338.0,11991.81167600946
223,2922.0,323.0,349.0,7535.97579235122
224,2923.0,349.0,350.0,1485.119046106872
225,2924.0,350.0,351.0,1589.092477726194
226,2925.0,351.0,352.0,2770.7317423000623
227,2926.0,352.0,353.0,2615.20690685748
228,2927.0,353.0,350.0,4437.136689164682
229,2928.0,351.0,354.0,3773.5535834187717
230,2929.0,354.0,355.0,3107.0169724425295
231,2930.0,355.0,343.0,3100.076318569392
232,2931.0,354.0,356.0,3779.706811041594
233,2932.0,356.0,355.0,3146.175289745658
234,2933.0,345.0,357.0,2051.0803540474017
235,2934.0,357.0,344.0,3865.600969674162
236,2935.0,251.0,358.0,1368.359346631908
237,2936.0,358.0,359.0,6218.4674578869
238,2937.0,359.0,360.0,5322.2994999387
239,2938.0,360.0,250.0,1154.431315055424
240,2939.0,360.0,358.0,8381.68414187664
241,2940.0,253.0,361.0,1161.6886402979098
242,2941.0,361.0,362.0,2097.412908305154
243,2942.0,362.0,363.0,7308.674671992179
244,2943.0,363.0,364.0,3760.373728946328
245,2944.0,364.0,365.0,2595.705437413962
246,2945.0,365.0,366.0,2202.318199949832
247,2946.0,366.0,367.0,3486.6454754224314
248,2947.0,367.0,255.0,1123.54494034791
249,2948.0,367.0,361.0,8161.10334959262
250,2949.0,363.0,365.0,4874.720582254153
251,2950.0,255.0,368.0,1181.101501336566
252,2951.0,368.0,369.0,6550.90275948132
253,2952.0,369.0,370.0,14753.715362158739
254,2953.0,370.0,371.0,3804.70110241128
255,2954.0,371.0,372.0,3007.673121988542
256,2955.0,372.0,373.0,9015.11751510324
257,2956.0,373.0,374.0,4397.757625396218
258,2957.0,374.0,375.0,4658.828113763508
259,2958.0,375.0,258.0,9661.50847371564
260,2960.0,368.0,377.0,3606.438039102558
261,2961.0,377.0,369.0,3790.457098803492
262,2965.0,256.0,381.0,3458.811404443818
263,2966.0,381.0,382.0,3022.533465460314
264,2967.0,382.0,383.0,4241.982248104488
265,2968.0,257.0,384.0,3455.097405399444
266,2969.0,384.0,383.0,4769.572223385516
267,2970.0,383.0,385.0,3516.0
268,2971.0,384.0,381.0,4304.9035262329435
269,2973.0,261.0,388.0,5503.5476903490235
270,2974.0,388.0,310.0,809.44641089304
271,2976.0,255.0,389.0,9021.903791945244
272,2977.0,366.0,389.0,2404.749581260998
273,2978.0,347.0,346.0,3277.0156205558937
274,2979.0,419.0,390.0,4349.274263742552
275,2980.0,390.0,409.0,3111.58604875644
276,2981.0,403.0,400.0,4471.182848938955
277,2982.0,411.0,415.0,4611.329338623828
278,2983.0,394.0,400.0,8134.532505849636
279,2984.0,404.0,391.0,3511.586829392124
280,2985.0,397.0,416.0,8049.2844088583515
281,2986.0,405.0,397.0,2524.926359836608
282,2987.0,412.0,396.0,7202.290210503996
283,2988.0,417.0,411.0,9615.582100555404
284,2989.0,408.0,406.0,7182.0171107038805
285,2990.0,415.0,413.0,2432.485784011992
286,2991.0,409.0,405.0,5422.109543819652
287,2992.0,416.0,407.0,4662.6950372689325
288,2993.0,398.0,392.0,9524.96222819183
289,2994.0,413.0,408.0,4822.241512671888
290,2995.0,395.0,398.0,2550.331648080684
291,2996.0,392.0,410.0,5159.627818630884
292,2997.0,400.0,412.0,3564.91039510176
293,2998.0,404.0,395.0,7103.180258370985
294,2999.0,418.0,401.0,3355.840028537406
295,3000.0,407.0,403.0,7748.2953956778
296,3001.0,401.0,415.0,1116.579671304474
297,3002.0,396.0,417.0,5321.760902450808
298,3003.0,398.0,414.0,5510.559025144056
299,3004.0,399.0,404.0,7398.920279497884
300,3005.0,410.0,419.0,2954.802928260324
301,3006.0,387.0,393.0,7214.476950862751
302,3007.0,394.0,265.0,17928.0
303,3008.0,409.0,402.0,5278.142831809861
304,3009.0,407.0,469.0,1408.039452189006
305,3010.0,487.0,494.0,2855.796477532992
306,3011.0,508.0,500.0,1665.3634935306723
307,3013.0,450.0,515.0,6858.27463045104
308,3014.0,465.0,451.0,5351.854413235092
309,3015.0,417.0,435.0,1134.568914031074
310,3016.0,507.0,508.0,1659.35613096525
311,3017.0,477.0,433.0,4779.91932244338
312,3018.0,454.0,482.0,3445.1215876584056
313,3019.0,424.0,498.0,1735.247443255956
314,3020.0,465.0,411.0,1134.000000000198
315,3021.0,460.0,426.0,7485.98546626692
316,3023.0,517.0,423.0,1627.7026540099018
317,3024.0,444.0,492.0,1620.052220623716
318,3025.0,504.0,484.0,1620.00000000303
319,3026.0,476.0,503.0,1647.135564273924
320,3027.0,472.0,390.0,805.214584130796
321,3028.0,514.0,429.0,4276.06627150608
322,3029.0,509.0,489.0,3980.42421385086
323,3030.0,442.0,501.0,2574.312421571784
324,3031.0,493.0,443.0,3087.6408605419683
325,3032.0,495.0,468.0,1620.06710978565
326,3033.0,478.0,418.0,1679.999999997708
327,3034.0,467.0,486.0,5240.254071361824
328,3035.0,469.0,488.0,4829.661980359853
329,3036.0,478.0,493.0,3338.2651192493217
330,3037.0,442.0,419.0,1410.5847566311859
331,3038.0,455.0,509.0,638.683706653572
332,3039.0,436.0,445.0,2965.979635156176
333,3040.0,456.0,436.0,2870.80253086185
334,3041.0,470.0,439.0,1124.273514361746
335,3042.0,437.0,479.0,1764.0102040515962
336,3043.0,513.0,438.0,6992.8234555074005
337,3044.0,439.0,467.0,1971.282990559596
338,3045.0,483.0,507.0,3314.449522292004
339,3046.0,481.0,497.0,1901.9315155033382
340,3047.0,425.0,466.0,5821.719131668614
341,3048.0,511.0,474.0,3445.12158765945
342,3049.0,446.0,396.0,1086.344745755082
343,3050.0,428.0,481.0,1493.4098787766561
344,3051.0,483.0,395.0,3030.0662274401398
345,3052.0,497.0,422.0,1953.263122144284
346,3054.0,480.0,491.0,4230.85085052387
347,3055.0,443.0,401.0,1695.916190891106
348,3056.0,506.0,476.0,6148.2255240093
349,3057.0,491.0,487.0,703.198966868106
350,3058.0,420.0,461.0,3054.444450371688
351,3059.0,435.0,511.0,4303.978150065588
352,3060.0,506.0,503.0,5408.47094946144
353,3061.0,431.0,421.0,881.969625612702
354,3062.0,421.0,458.0,6733.25364553038
355,3063.0,449.0,446.0,6732.63155695548
356,3064.0,484.0,457.0,3900.555044013054
357,3065.0,433.0,402.0,1087.821564951174
358,3066.0,499.0,397.0,1410.26046875895
359,3067.0,420.0,430.0,4703.520595789242
360,3068.0,450.0,510.0,1625.744642046468
361,3069.0,474.0,435.0,3388.3988457220203
362,3070.0,512.0,452.0,2359.940629514652
363,3071.0,496.0,495.0,7603.5436776326405
364,3072.0,490.0,518.0,3701.110918096236
365,3073.0,422.0,468.0,2049.167927679726
366,3074.0,519.0,447.0,4586.09383347429
367,3075.0,438.0,512.0,1626.3213991985579
368,3076.0,438.0,505.0,5207.620623847752
369,3077.0,510.0,425.0,1613.848530512568
370,3078.0,428.0,496.0,1637.4116685674821
371,3079.0,454.0,451.0,1547.9999999980378
372,3080.0,513.0,505.0,2157.13808405868
373,3081.0,486.0,439.0,3617.573035861884
374,3082.0,464.0,426.0,1620.052220623008
375,3083.0,462.0,403.0,809.9999999996219
376,3084.0,477.0,433.0,3967.164608423478
377,3085.0,447.0,412.0,1086.3417712580701
378,3086.0,427.0,462.0,2887.563802439412
379,3087.0,455.0,489.0,4327.759757444358
380,3088.0,453.0,429.0,2906.544963142962
381,3089.0,516.0,444.0,8503.23620612466
382,3090.0,505.0,406.0,1140.354675325014
383,3091.0,502.0,494.0,3338.265119248974
384,3092.0,453.0,514.0,1765.654238401092
385,3093.0,410.0,425.0,811.4862473453279
386,3094.0,494.0,493.0,1680.000000000504
387,3095.0,431.0,458.0,6017.97923226978
388,3096.0,496.0,431.0,3251.538683151888
389,3097.0,508.0,483.0,5776.375250543868
390,3098.0,406.0,453.0,1146.95976877722
391,3099.0,456.0,517.0,6239.61355165164
392,3100.0,485.0,516.0,1702.07908096263
393,3101.0,478.0,443.0,3278.5850713612617
394,3102.0,486.0,424.0,3558.3802405934402
395,3103.0,462.0,441.0,4387.749697380198
396,3104.0,516.0,460.0,1625.39042087907
397,3105.0,445.0,423.0,1706.950313830002
398,3106.0,448.0,504.0,2490.000000000672
399,3107.0,421.0,399.0,822.3352166567281
400,3108.0,436.0,471.0,3988.716949793208
401,3109.0,407.0,441.0,784.77631384167
402,3110.0,485.0,437.0,6113.63652031884
403,3111.0,515.0,472.0,6185.685529537319
404,3112.0,460.0,464.0,7400.98750630518
405,3113.0,514.0,455.0,1744.5289841951462
406,3114.0,476.0,413.0,1136.920731723372
407,3115.0,447.0,446.0,4056.4964503136043
408,3116.0,441.0,517.0,1668.719510102856
409,3117.0,498.0,470.0,2606.6647354219676
410,3118.0,391.0,428.0,1080.460800280356
411,3119.0,449.0,519.0,7057.26208426386
412,3120.0,488.0,504.0,1619.999999997438
413,3121.0,461.0,430.0,4046.14251371334
414,3122.0,482.0,465.0,3782.8600752580023
415,3123.0,484.0,461.0,1896.0000000012121
416,3124.0,503.0,513.0,1643.134473490602
417,3125.0,452.0,505.0,6588.55845871284
418,3126.0,459.0,500.0,5105.984170749024
419,3127.0,501.0,459.0,5249.837425041527
420,3128.0,427.0,456.0,1619.433474155454
421,3129.0,405.0,477.0,810.1036958894101
422,3130.0,448.0,488.0,4110.0000000029995
423,3131.0,500.0,442.0,1142.621104417002
424,3132.0,472.0,450.0,763.796168786148
425,3133.0,408.0,509.0,1146.0000000001141
426,3134.0,423.0,471.0,4790.992181148144
427,3135.0,475.0,449.0,1620.0048499025938
428,3136.0,470.0,416.0,810.2802776819881
429,3137.0,518.0,437.0,1802.6392096183858
430,3138.0,510.0,466.0,6945.2303574258
431,3139.0,454.0,465.0,3829.3542107085423
432,3140.0,440.0,490.0,2492.0162484052444
433,3141.0,440.0,485.0,2659.007548952658
434,3142.0,467.0,477.0,1882.0848123000483
435,3143.0,475.0,519.0,7161.1213083804605
436,3144.0,474.0,482.0,1620.000000001632
437,3145.0,479.0,492.0,2058.0862048238996
438,3146.0,392.0,460.0,822.082568141526
439,3147.0,387.0,473.0,11372.527422924515
440,3148.0,473.0,265.0,8189.247075716221
441,3156.0,521.0,501.0,776.30844692916
442,3159.0,457.0,530.0,1134.210478213278
443,3161.0,502.0,487.0,2973.360364949766
444,3162.0,491.0,417.0,1116.35251977675
445,3163.0,414.0,440.0,1144.142739166794
446,3165.0,480.0,502.0,1679.999999999106
447,3166.0,537.0,535.0,1559.999999998092
448,3167.0,578.0,562.0,1679.9999578274942
449,3168.0,570.0,565.0,5126.7984535912565
450,3169.0,561.0,549.0,4178.137901437554
451,3170.0,558.0,545.0,1680.000033751596
452,3171.0,552.0,545.0,4401.397368252774
453,3173.0,562.0,567.0,945.9027237077821
454,3174.0,567.0,581.0,839.999870438934
455,3175.0,588.0,577.0,1679.999973646974
456,3176.0,549.0,568.0,1530.000060911658
457,3177.0,542.0,594.0,1680.000093649794
458,3178.0,582.0,580.0,1680.0000301558262
459,3179.0,581.0,543.0,840.0000804190199
460,3180.0,540.0,593.0,1864.603692528984
461,3181.0,575.0,542.0,3332.050749988326
462,3182.0,596.0,584.0,4955.974149519569
463,3183.0,587.0,563.0,1680.6537608989138
464,3184.0,543.0,574.0,839.99993539395
465,3185.0,595.0,559.0,1773.6970132673582
466,3186.0,595.0,552.0,896.3028998341799
467,3187.0,589.0,565.0,1679.9999737529579
468,3188.0,598.0,573.0,806.60366742093
469,3189.0,548.0,567.0,915.5738383401481
470,3190.0,585.0,558.0,4697.853483095136
471,3191.0,592.0,539.0,1680.0000885073441
472,3192.0,542.0,543.0,4837.955471670996
473,3193.0,577.0,574.0,4351.374992954232
474,3194.0,565.0,598.0,1388.726826464706
475,3195.0,546.0,573.0,895.5393072722459
476,3196.0,593.0,546.0,5268.752394143832
477,3197.0,539.0,589.0,4211.06637715761
478,3198.0,554.0,587.0,4452.141708156696
479,3199.0,555.0,541.0,4668.020996358036
480,3200.0,547.0,556.0,5007.709863135618
481,3201.0,580.0,546.0,6265.281098678701
482,3202.0,550.0,591.0,1680.2091423223078
483,3203.0,550.0,548.0,5919.775869496686
484,3204.0,579.0,575.0,1665.0996210783421
485,3205.0,560.0,594.0,4040.224801659552
486,3206.0,595.0,585.0,1756.2663512916179
487,3207.0,585.0,560.0,1680.0000376206658
488,3209.0,557.0,566.0,1680.000033756132
489,3211.0,566.0,555.0,1679.999973646278
490,3212.0,576.0,572.0,575.927761878018
491,3214.0,551.0,579.0,1604.9152984998118
492,3215.0,538.0,540.0,737.53039116009
493,3216.0,547.0,544.0,1679.999973646974
494,3217.0,544.0,596.0,1680.0000336480362
495,3218.0,568.0,592.0,3751.302384288738
496,3219.0,592.0,576.0,1296.3589920681839
497,3220.0,583.0,582.0,770.3615131649099
498,3221.0,582.0,598.0,5140.878556563895
499,3222.0,564.0,591.0,993.0189861782401
500,3223.0,591.0,588.0,922.7256375829861
501,3224.0,588.0,581.0,4745.112891273936
502,3225.0,571.0,584.0,1248.416032366554
503,3226.0,584.0,544.0,3360.04230052872
504,3227.0,586.0,572.0,2632.176900660438
505,3228.0,540.0,563.0,4180.706875315524
506,3229.0,563.0,573.0,1070.201500504242
507,3230.0,574.0,561.0,840.000036408918
508,3231.0,561.0,576.0,1507.137203301336
509,3232.0,552.0,554.0,1709.999988993486
510,3233.0,554.0,538.0,1781.7706042443901
511,3234.0,583.0,571.0,840.00000911493
512,3235.0,571.0,533.0,2758.89021531405
513,3236.0,570.0,556.0,792.5663870871481
514,3237.0,556.0,583.0,887.433640384704
515,3239.0,564.0,586.0,4178.254119544175
516,3240.0,572.0,541.0,2243.325367725534
517,3241.0,541.0,570.0,1185.732792972696
518,3242.0,551.0,578.0,5200.528805638698
519,3243.0,579.0,562.0,6120.910366112819
520,3244.0,559.0,599.0,1338.000000000294
521,3245.0,535.0,599.0,16222.273132645681
522,3246.0,599.0,536.0,16523.43086067312
523,3247.0,586.0,557.0,2205.13519581867
524,3248.0,600.0,603.0,2594.418090552852
525,3249.0,601.0,600.0,18207.786808581
526,3250.0,604.0,601.0,1700.906277552624
527,3251.0,605.0,604.0,9573.630917181612
528,3252.0,606.0,602.0,15803.06910871716
529,3253.0,602.0,607.0,2432.9831350028044
530,3254.0,603.0,608.0,16676.977975776
531,3255.0,608.0,247.0,17654.69219851512
532,3256.0,607.0,605.0,9949.726299169703
533,3257.0,208.0,227.0,10172.789828027531
534,3258.0,210.0,234.0,12018.385334496359
535,3259.0,223.0,385.0,3296.005857947364
536,3260.0,209.0,217.0,2001.14880535326
537,3261.0,671.0,667.0,10079.258591444628
538,3262.0,669.0,670.0,5741.64468956694
539,3263.0,667.0,666.0,7356.083484161723
540,3264.0,670.0,668.0,6849.726755594293
541,3265.0,232.0,665.0,4852.325337366492
542,3266.0,665.0,669.0,5257.769246407885
543,3267.0,668.0,671.0,7186.3286205961795
544,3268.0,666.0,230.0,3634.437226839996
545,3269.0,673.0,674.0,2579.3273427786958
546,3270.0,674.0,672.0,2079.1226663480043
547,3271.0,227.0,675.0,960.5435875082279
548,3272.0,675.0,672.0,747.275720977314
549,3273.0,677.0,211.0,2056.84935650478
550,3274.0,676.0,669.0,1108.49585667003
551,3275.0,676.0,677.0,1990.553978328642
552,3276.0,759.0,689.0,962.240475370566
553,3277.0,682.0,794.0,1817.5410816168721
554,3278.0,690.0,209.0,4557.026469730212
555,3279.0,749.0,732.0,3544.5087374491504
556,3280.0,795.0,746.0,4536.78319428909
557,3281.0,678.0,741.0,4994.17059138972
558,3282.0,695.0,671.0,1070.795040840318
559,3283.0,231.0,754.0,990.2531063538659
560,3284.0,233.0,785.0,1019.4768992419081
561,3285.0,668.0,766.0,1132.07972465745
562,3286.0,700.0,676.0,3158.1636173730003
563,3287.0,765.0,208.0,1631.636093766912
564,3288.0,707.0,716.0,4981.425302349882
565,3289.0,694.0,737.0,3659.108821390476
566,3290.0,703.0,683.0,8674.68075530094
567,3291.0,725.0,686.0,5059.963379861689
568,3292.0,783.0,696.0,1677.8169557685242
569,3293.0,734.0,791.0,1952.3933282013481
570,3294.0,792.0,703.0,2148.852979867956
571,3295.0,691.0,684.0,1565.1423064324258
572,3296.0,208.0,714.0,1361.22790022976
573,3297.0,735.0,671.0,1198.689764917362
574,3298.0,688.0,755.0,1528.241209487184
575,3299.0,724.0,729.0,2304.587616950454
576,3300.0,678.0,668.0,1183.925450755884
577,3301.0,698.0,779.0,1886.394844624038
578,3302.0,709.0,756.0,1185.0459257543462
579,3303.0,685.0,788.0,2080.5005571935762
580,3304.0,766.0,713.0,5029.122094478226
581,3305.0,746.0,793.0,638.171428915536
582,3306.0,754.0,750.0,3535.73486821782
583,3307.0,787.0,723.0,4236.768626052978
584,3308.0,786.0,725.0,1669.1207635451638
585,3309.0,754.0,712.0,3163.2559125907137
586,3310.0,728.0,222.0,1721.7222402438301
587,3311.0,748.0,730.0,2891.464790464206
588,3312.0,214.0,761.0,1107.514377180306
589,3313.0,717.0,726.0,3646.845304572612
590,3314.0,684.0,218.0,3106.354048199256
591,3316.0,693.0,776.0,1182.852476569644
592,3317.0,670.0,757.0,1029.478522455066
593,3318.0,680.0,786.0,1215.964822856136
594,3319.0,757.0,679.0,4171.1274821922725
595,3320.0,692.0,749.0,6587.71508515158
596,3321.0,736.0,682.0,1773.760804294578
597,3322.0,666.0,694.0,994.3917904397401
598,3323.0,714.0,705.0,4005.0367136540763
599,3324.0,781.0,793.0,3829.9279645023303
600,3325.0,689.0,681.0,1531.7855036964602
601,3326.0,682.0,744.0,2950.5061079291822
602,3327.0,740.0,696.0,3972.603227716506
603,3328.0,694.0,698.0,2681.46189755655
604,3329.0,715.0,701.0,2398.9861358109238
605,3330.0,669.0,741.0,982.7757328832101
606,3331.0,779.0,795.0,1242.241406731536
607,3332.0,692.0,780.0,2545.3307787903123
608,3333.0,718.0,724.0,1805.503754420106
609,3334.0,709.0,739.0,3163.211755184934
610,3335.0,750.0,745.0,3744.6563364770045
611,3337.0,774.0,787.0,1966.885746211122
612,3338.0,759.0,752.0,6154.84361384934
613,3339.0,766.0,695.0,3758.541583281324
614,3340.0,720.0,735.0,1806.464238997638
615,3341.0,749.0,747.0,5660.08327959969
616,3342.0,672.0,772.0,5400.6322553607115
617,3343.0,713.0,699.0,2346.678701152002
618,3344.0,767.0,770.0,1544.139964915434
619,3345.0,771.0,217.0,3447.541077025572
620,3346.0,776.0,784.0,4387.196312284122
621,3347.0,722.0,756.0,3468.0222088551664
622,3348.0,792.0,770.0,5498.22265855263
623,3349.0,775.0,735.0,2164.788958313532
624,3351.0,710.0,765.0,2091.1086997627863
625,3352.0,737.0,698.0,2034.7494703427578
626,3353.0,764.0,717.0,1420.115256905304
627,3354.0,726.0,775.0,2006.980896570006
628,3355.0,739.0,722.0,1578.6036745105441
629,3356.0,750.0,748.0,1213.327656374286
630,3357.0,677.0,763.0,1517.396013158694
631,3358.0,235.0,680.0,1118.408664064956
632,3359.0,794.0,731.0,5590.940792789623
633,3360.0,760.0,691.0,7948.09975352688
634,3361.0,706.0,792.0,1891.008354724248
635,3362.0,790.0,743.0,2507.6446458534538
636,3363.0,748.0,782.0,2961.80168861427
637,3364.0,747.0,708.0,5276.872661468352
638,3365.0,745.0,762.0,2850.69473592165
639,3366.0,767.0,706.0,4159.068095516897
640,3367.0,772.0,673.0,5986.24688971839
641,3368.0,740.0,701.0,1575.018890266674
642,3369.0,215.0,759.0,1031.705941115064
643,3370.0,752.0,721.0,2298.96502493466
644,3371.0,716.0,707.0,4968.997163764038
645,3372.0,711.0,232.0,1022.5246012755301
646,3373.0,764.0,704.0,3649.797102285732
647,3374.0,719.0,702.0,2691.759453693534
648,3375.0,707.0,710.0,2682.871857885522
649,3376.0,731.0,216.0,1215.33485053389
650,3377.0,680.0,777.0,8765.13045879378
651,3378.0,701.0,783.0,3949.297826104854
652,3379.0,721.0,689.0,6011.680393582799
653,3380.0,741.0,718.0,2580.896899168308
654,3381.0,757.0,719.0,1632.758839103688
655,3382.0,756.0,678.0,1788.052036317828
656,3383.0,791.0,760.0,2216.720196034968
657,3384.0,723.0,688.0,2197.248993671208
658,3385.0,758.0,229.0,1005.5794559283601
659,3386.0,732.0,708.0,3397.2591215443144
660,3387.0,753.0,764.0,1728.53139150894
661,3388.0,733.0,736.0,2396.03854159476
662,3389.0,729.0,709.0,1889.40990600537
663,3390.0,791.0,690.0,4366.451270037785
664,3391.0,712.0,711.0,3950.478996495834
665,3392.0,220.0,749.0,1114.608252187284
666,3393.0,726.0,704.0,2907.2691023317498
667,3395.0,755.0,728.0,1593.9398694713518
668,3396.0,730.0,697.0,3106.916129797056
669,3397.0,665.0,700.0,955.462447840242
670,3398.0,224.0,707.0,1855.040067934056
671,3399.0,688.0,725.0,5871.98654345922
672,3400.0,715.0,727.0,3169.252310343174
673,3401.0,742.0,740.0,2720.4515403425758
674,3402.0,793.0,667.0,999.405582931914
675,3403.0,774.0,212.0,2738.509700354106
676,3404.0,768.0,790.0,1604.570107555548
677,3405.0,773.0,728.0,4585.702628665428
678,3406.0,783.0,738.0,1572.662502761802
679,3407.0,225.0,771.0,1048.518657391242
680,3408.0,768.0,221.0,5619.879601425342
681,3409.0,758.0,713.0,1672.4300387638682
682,3410.0,770.0,695.0,2165.413062872682
683,3411.0,788.0,785.0,2145.706247440302
684,3413.0,724.0,739.0,3438.944877788358
685,3414.0,683.0,695.0,2446.3361796881163
686,3415.0,762.0,711.0,2254.726320215886
687,3416.0,704.0,720.0,2033.9951474119798
688,3417.0,681.0,733.0,7115.37254046312
689,3418.0,743.0,763.0,2181.5976631544463
690,3419.0,795.0,781.0,2792.540952255732
691,3420.0,699.0,767.0,4699.50568039122
692,3421.0,771.0,734.0,3606.6625895004963
693,3422.0,710.0,228.0,2803.389049095024
694,3423.0,755.0,773.0,5748.936230016156
695,3424.0,702.0,758.0,1536.195242078022
696,3425.0,686.0,216.0,1033.442004997404
697,3426.0,761.0,692.0,1543.0472436442922
698,3427.0,731.0,681.0,1014.809205111822
699,3428.0,776.0,753.0,2010.3086077868938
700,3429.0,779.0,746.0,5021.296781420346
701,3430.0,691.0,213.0,2610.9199455773282
702,3431.0,796.0,755.0,1433.41103021343
703,3432.0,686.0,774.0,2994.4236321154262
704,3433.0,797.0,702.0,1412.1146725734538
705,3434.0,757.0,797.0,3079.2786471024183
706,3435.0,798.0,768.0,1998.7081580642039
707,3436.0,700.0,798.0,2907.380046656286
708,3437.0,763.0,798.0,3914.318036866608
709,3438.0,714.0,799.0,3849.5850309708358
710,3439.0,705.0,799.0,1897.7179307505899
711,3440.0,799.0,753.0,4542.014897382673
712,3441.0,727.0,738.0,1809.8102062089902
713,3442.0,738.0,675.0,845.345331164016
714,3443.0,674.0,800.0,3170.824564582554
715,3444.0,800.0,715.0,1507.19416411881
716,3445.0,804.0,801.0,2334.373622280408
717,3446.0,803.0,227.0,1111.5082372050779
718,3447.0,802.0,693.0,3323.1881752793342
719,3448.0,806.0,805.0,3576.202521066096
720,3449.0,785.0,685.0,3191.7325076594643
721,3450.0,801.0,693.0,1451.005978158744
722,3451.0,785.0,806.0,1352.390525772234
723,3452.0,806.0,803.0,2131.91444368125
724,3453.0,784.0,802.0,1525.83138082659
725,3454.0,805.0,685.0,2205.826630689342
726,3455.0,802.0,804.0,1866.369966961698
727,3456.0,803.0,804.0,3359.4010981053843
728,3457.0,780.0,807.0,2108.5897067202
729,3458.0,708.0,807.0,4480.5546587713925
730,3459.0,807.0,761.0,901.9624594914419
731,3460.0,697.0,762.0,1226.539666539564
732,3461.0,777.0,796.0,6140.0879347824
733,3462.0,786.0,796.0,5875.3479037601755
734,3463.0,736.0,808.0,2306.702291910522
735,3464.0,744.0,808.0,1918.688212515168
736,3465.0,808.0,226.0,2825.078750507202
737,3466.0,782.0,697.0,2211.199996772244
738,3467.0,809.0,696.0,767.099738143056
739,3468.0,233.0,809.0,1086.4582833395461
740,3469.0,809.0,742.0,6684.371419626899
741,3470.0,414.0,210.0,5052.11009976264
742,3471.0,391.0,234.0,1912.8283471096258
743,3472.0,223.0,813.0,7668.82814834274
744,3473.0,813.0,221.0,3870.987483315828
745,3474.0,813.0,815.0,19357.05502066992
746,3475.0,815.0,814.0,13971.917121956521
747,3476.0,229.0,816.0,28223.720011060563
748,3477.0,816.0,226.0,5287.4450918353195
749,3478.0,221.0,817.0,11459.498055541715
750,3479.0,817.0,211.0,7321.887278988035
751,3480.0,818.0,819.0,4554.172524553722
752,3481.0,818.0,536.0,7317.773721571584
753,3482.0,819.0,820.0,2062.324663987182
754,3483.0,820.0,821.0,2502.1841680859097
755,3484.0,821.0,822.0,960.7547462797379
756,3485.0,822.0,823.0,3471.144072384186
757,3486.0,402.0,824.0,2640.568119910296
758,3487.0,824.0,818.0,6908.841878465616
759,3488.0,824.0,823.0,11029.0199668704
760,3489.0,811.0,2569.0,7317.3777093403805
761,3490.0,823.0,825.0,3573.46039695405
762,3491.0,825.0,471.0,1079.886760611906
763,3492.0,814.0,826.0,3856.4635712388
764,3493.0,826.0,827.0,8048.27204216178
765,3494.0,827.0,828.0,8309.8525546035
766,3495.0,828.0,829.0,3427.080764475276
767,3496.0,830.0,831.0,5201.846701229922
768,3497.0,831.0,832.0,4582.92142769415
769,3498.0,832.0,833.0,12525.04523646648
770,3499.0,833.0,834.0,3277.5582030387604
771,3500.0,834.0,835.0,4955.523896360772
772,3501.0,835.0,836.0,3558.811922145078
773,3502.0,836.0,834.0,8517.26311947282
774,3503.0,826.0,837.0,3536.00208297372
775,3504.0,837.0,838.0,6612.536885276904
776,3505.0,838.0,839.0,11518.836894219516
777,3506.0,839.0,840.0,7205.1143015444995
778,3507.0,840.0,841.0,7480.27872509436
779,3508.0,841.0,842.0,11929.926171131185
780,3509.0,842.0,843.0,4305.262607378436
781,3510.0,843.0,844.0,10497.340974940453
782,3511.0,844.0,229.0,10050.706096583028
783,3512.0,829.0,830.0,6433.500622875479
784,3513.0,832.0,839.0,9204.84696549426
785,3514.0,833.0,840.0,3189.774765121266
786,3515.0,837.0,845.0,8044.715301733439
787,3516.0,845.0,846.0,9783.495099878879
788,3517.0,846.0,847.0,12714.37247623254
789,3518.0,847.0,848.0,2532.93374345091
790,3519.0,848.0,849.0,6713.238344581021
791,3520.0,849.0,850.0,7159.30661445
792,3521.0,850.0,844.0,6074.0399830941
793,3522.0,843.0,851.0,6681.0038009466
794,3523.0,851.0,852.0,6518.4039482916
795,3524.0,852.0,847.0,5858.815683474114
796,3525.0,838.0,853.0,6540.874632871741
797,3526.0,853.0,854.0,7566.868421196359
798,3527.0,854.0,855.0,8065.54069078656
799,3528.0,855.0,839.0,4613.654135041752
800,3529.0,841.0,856.0,16548.74512150512
801,3530.0,856.0,857.0,4097.924146508256
802,3531.0,857.0,858.0,5399.3766445730525
803,3532.0,858.0,859.0,7785.22819518924
804,3533.0,859.0,860.0,7389.028048464119
805,3534.0,860.0,856.0,6540.03723344964
806,3535.0,860.0,861.0,7166.214262109579
807,3536.0,861.0,842.0,4137.975053989836
808,3537.0,844.0,862.0,2740.444908504726
809,3538.0,863.0,864.0,1619.3834577483478
810,3539.0,864.0,865.0,2493.012972754638
811,3540.0,866.0,867.0,1640.3472587754
812,3541.0,867.0,868.0,1170.48515671425
813,3542.0,867.0,869.0,5164.008550458822
814,3543.0,869.0,866.0,2665.73960044089
815,3544.0,869.0,870.0,2898.7484355411243
816,3545.0,870.0,871.0,862.254792415182
817,3546.0,871.0,872.0,5171.50993803846
818,3547.0,872.0,873.0,3388.011086747424
819,3549.0,873.0,875.0,5292.872831872986
820,3551.0,875.0,864.0,2967.501155297946
821,3552.0,863.0,877.0,5628.636299076959
822,3553.0,877.0,862.0,4986.4963944178435
823,3554.0,862.0,878.0,2313.4219002724863
824,3555.0,878.0,863.0,798.7933639005901
825,3556.0,878.0,879.0,4485.797985281304
826,3557.0,879.0,880.0,5506.650387134898
827,3558.0,880.0,881.0,4146.500074543878
828,3559.0,865.0,882.0,1434.73317394737
829,3560.0,882.0,866.0,5063.740877518037
830,3561.0,881.0,882.0,4018.614200824716
831,3669.0,814.0,971.0,8647.278206550985
832,3670.0,971.0,972.0,4879.268307688308
833,3671.0,972.0,973.0,7531.910412748523
834,3672.0,973.0,974.0,3264.331299955248
835,3673.0,974.0,975.0,9226.851238892388
836,3674.0,977.0,978.0,9854.129168646372
837,3675.0,978.0,979.0,6115.754071548456
838,3676.0,979.0,980.0,11351.534235739944
839,3677.0,980.0,981.0,5636.569105090536
840,3678.0,981.0,982.0,12127.6741294716
841,3679.0,982.0,983.0,3375.1714841886483
842,3680.0,983.0,984.0,14547.97017012384
843,3681.0,984.0,985.0,5353.499136717395
844,3682.0,985.0,986.0,4841.407218771852
845,3683.0,986.0,987.0,5727.140420151311
846,3684.0,987.0,971.0,11241.339975803796
847,3685.0,987.0,988.0,7623.861613998601
848,3686.0,988.0,989.0,12511.60575206604
849,3687.0,989.0,990.0,4991.846187981089
850,3688.0,990.0,986.0,6760.91029822746
851,3689.0,985.0,991.0,6549.49881677484
852,3690.0,991.0,992.0,6702.61718820258
853,3691.0,992.0,993.0,8253.929266698779
854,3692.0,993.0,982.0,6216.9292031889
855,3693.0,981.0,994.0,7176.0962314107
856,3694.0,995.0,996.0,8160.83254806594
857,3695.0,996.0,997.0,8350.3670970072
858,3696.0,997.0,979.0,3580.448115425568
859,3697.0,997.0,998.0,1663.92923757345
860,3698.0,998.0,999.0,8497.03479924624
861,3699.0,999.0,977.0,5418.37334410251
862,3700.0,978.0,998.0,4798.50445922382
863,3701.0,995.0,994.0,8563.33679630448
864,3702.0,975.0,1000.0,14711.091988685159
865,3703.0,1000.0,976.0,4023.960617692788
866,3704.0,1000.0,1001.0,4729.563344413524
867,3705.0,1001.0,1002.0,12944.699750017979
868,3706.0,1002.0,983.0,4667.5649877584765
869,3707.0,975.0,1003.0,3747.2483064883863
870,3708.0,1003.0,1004.0,11096.07457786788
871,3709.0,1004.0,984.0,3576.251659401414
872,3710.0,975.0,1005.0,4010.485581079176
873,3711.0,1005.0,1006.0,5456.477139316152
874,3712.0,1006.0,1007.0,5184.244079920284
875,3713.0,1007.0,1008.0,8583.02997881346
876,3714.0,1008.0,1009.0,7285.21013082096
877,3715.0,1009.0,974.0,3149.9449928216345
878,3716.0,973.0,1010.0,2860.6302563822337
879,3718.0,1010.0,1012.0,6901.1551022454
880,3719.0,1012.0,972.0,3975.97101236661
881,3720.0,1194.0,1067.0,6337.5599999999995
882,3721.0,1191.0,1313.0,5451.24
883,3724.0,1071.0,1021.0,6957.84
884,3725.0,1136.0,1361.0,6111.66
885,3726.0,1353.0,1277.0,6638.700000000001
886,3728.0,1304.0,1353.0,6301.68
887,3729.0,1136.0,1177.0,1892.58
888,3730.0,1304.0,1136.0,882.54
889,3731.0,1358.0,1304.0,761.8199999999999
890,3732.0,1037.0,1358.0,4068.42
891,3733.0,1035.0,1037.0,3950.2799999999997
892,3734.0,1046.0,1277.0,10165.68
893,3735.0,1287.0,1046.0,7329.539999999999
894,3736.0,1207.0,1287.0,8407.26
895,3751.0,1351.0,1278.0,4520.82
896,3752.0,1035.0,1021.0,2298.42
897,3753.0,1277.0,1035.0,5974.14
898,3754.0,1207.0,1277.0,1364.46
899,3755.0,1315.0,1207.0,2609.88
900,3756.0,1177.0,1100.0,15924.599999999999
901,3758.0,1218.0,1177.0,6803.400000000001
902,3759.0,1315.0,1218.0,8916.36
903,3760.0,1154.0,1315.0,13636.68
904,3779.0,1387.0,1371.0,7443.12
905,3780.0,1190.0,1387.0,3390.12
906,3781.0,1088.0,1190.0,8815.98
907,3782.0,1158.0,1088.0,9809.880000000001
908,3783.0,1158.0,1072.0,2157.66
909,3785.0,1362.0,1158.0,3701.5199999999995
910,3786.0,1132.0,1362.0,9871.02
911,3787.0,1318.0,1132.0,4821.0
912,3788.0,1039.0,1318.0,4918.38
913,3789.0,1296.0,1039.0,6423.48
914,3790.0,1368.0,1331.0,5602.26
915,3791.0,1117.0,1368.0,3801.06
916,3792.0,1117.0,1281.0,2590.8
917,3793.0,1331.0,1117.0,7393.26
918,3794.0,1377.0,1331.0,1253.4
919,3796.0,1238.0,1182.0,6282.48
920,3797.0,1302.0,1238.0,3360.54
921,3798.0,1127.0,1145.0,3664.7999999999997
922,3799.0,1357.0,1127.0,8509.56
923,3800.0,1343.0,1357.0,2715.7200000000003
924,3801.0,1329.0,1196.0,3815.2200000000003
925,3802.0,1080.0,1329.0,4644.12
926,3804.0,1290.0,1080.0,2439.8999999999996
927,3805.0,1302.0,1294.0,4844.4
928,3807.0,1182.0,1302.0,6076.68
929,3808.0,1145.0,1182.0,14049.0
930,3809.0,1343.0,1145.0,12658.079999999998
931,3810.0,1196.0,1343.0,8355.72
932,3811.0,1290.0,1196.0,9606.599999999999
933,3812.0,1303.0,1290.0,3676.2000000000003
934,3813.0,1033.0,1303.0,9397.68
935,3814.0,1088.0,1335.0,5556.6
936,3815.0,1371.0,1088.0,10342.56
937,3816.0,1296.0,1371.0,2922.96
938,3817.0,1377.0,1296.0,13948.32
939,3818.0,1197.0,1377.0,7034.88
940,3819.0,1157.0,1033.0,11800.8
941,3822.0,1133.0,1144.0,2435.1000000000004
942,3823.0,1272.0,1133.0,1620.0
943,3824.0,1273.0,1272.0,5638.62
944,3825.0,1077.0,1273.0,3141.3599999999997
945,3827.0,1251.0,1297.0,8625.119999999999
946,3828.0,1042.0,1251.0,7005.84
947,3829.0,1134.0,1042.0,5662.32
948,3830.0,1228.0,1084.0,6939.539999999999
949,3831.0,1282.0,1228.0,4893.0599999999995
950,3833.0,1179.0,1282.0,7040.52
951,3834.0,1202.0,1015.0,4122.42
952,3835.0,1235.0,1202.0,5100.84
953,3836.0,1015.0,1235.0,11184.24
954,3837.0,1316.0,1015.0,1944.06
955,3838.0,1161.0,1350.0,4418.64
956,3839.0,1319.0,1161.0,5762.88
957,3840.0,1350.0,1319.0,11323.26
958,3841.0,1316.0,1350.0,2066.7
959,3842.0,1308.0,1316.0,3573.66
960,3843.0,1181.0,1115.0,5737.5599999999995
961,3844.0,1114.0,1181.0,3196.8599999999997
962,3845.0,1115.0,1114.0,5628.42
963,3846.0,1171.0,1115.0,1518.06
964,3847.0,1217.0,1094.0,6304.14
965,3848.0,1324.0,1217.0,3383.1000000000004
966,3849.0,1094.0,1324.0,6360.0
967,3850.0,1297.0,1094.0,1488.0
968,3851.0,1286.0,1212.0,6126.66
969,3852.0,1373.0,1286.0,3433.32
970,3853.0,1212.0,1373.0,6272.16
971,3854.0,1081.0,1212.0,1445.1
972,3855.0,1099.0,1175.0,5086.14
973,3856.0,1099.0,1112.0,1565.16
974,3857.0,1173.0,1099.0,6410.9400000000005
975,3859.0,1175.0,1173.0,5279.82
976,3860.0,1055.0,1175.0,1680.0
977,3861.0,1369.0,1055.0,4906.14
978,3862.0,1305.0,1369.0,7380.0
979,3864.0,1024.0,1305.0,1680.0
980,3865.0,1081.0,1024.0,1377.78
981,3878.0,1112.0,1081.0,3413.34
982,3879.0,1185.0,1112.0,6743.34
983,3880.0,1297.0,1185.0,5074.9800000000005
984,3881.0,1134.0,1297.0,4207.26
985,3882.0,1084.0,1134.0,2372.52
986,3883.0,1171.0,1084.0,3861.6000000000004
987,3884.0,1308.0,1171.0,3225.24
988,3886.0,1179.0,1308.0,2851.92
989,3887.0,1106.0,1200.0,4284.6
990,3889.0,1111.0,1032.0,810.6600000000001
991,3890.0,1341.0,1032.0,4300.68
992,3891.0,1086.0,1341.0,4553.22
993,3892.0,1376.0,1086.0,3196.74
994,3893.0,1057.0,1298.0,3894.4800000000005
995,3894.0,1376.0,1370.0,2267.7599999999998
996,3895.0,1057.0,1376.0,1358.76
997,3897.0,1111.0,1057.0,1620.12
998,3898.0,1271.0,1111.0,6453.0
999,3899.0,1298.0,1271.0,4233.66
1000,3900.0,1090.0,1298.0,3739.2000000000003
1001,3901.0,1187.0,1160.0,2026.56
1002,3902.0,1041.0,1128.0,21718.800000000003
1003,3903.0,1110.0,1255.0,3788.82
1004,3904.0,1383.0,1110.0,7234.68
1005,3906.0,1299.0,1184.0,2839.92
1006,3907.0,1162.0,1299.0,4423.26
1007,3908.0,1192.0,1162.0,7808.76
1008,3909.0,1347.0,1192.0,5046.84
1009,3910.0,1165.0,1091.0,6597.780000000001
1010,3911.0,1020.0,1165.0,8156.700000000001
1011,3912.0,1375.0,1135.0,3000.0
1012,3913.0,1135.0,1280.0,833.8799999999999
1013,3914.0,1338.0,1135.0,4524.84
1014,3915.0,1375.0,1338.0,1644.84
1015,3917.0,1398.0,1375.0,3177.66
1016,3918.0,1330.0,1398.0,3523.26
1017,3919.0,1041.0,1200.0,18474.239999999998
1018,3920.0,1257.0,1041.0,1698.12
1019,3921.0,1097.0,1257.0,7042.08
1020,3922.0,1148.0,1257.0,6418.92
1021,3923.0,1148.0,1124.0,3131.94
1022,3924.0,1031.0,1148.0,6825.24
1023,3925.0,1317.0,1031.0,5761.0199999999995
1024,3928.0,1263.0,1323.0,2577.36
1025,3929.0,1263.0,1247.0,993.3000000000001
1026,3930.0,1083.0,1263.0,3060.0
1027,3931.0,1333.0,1083.0,1620.0
1028,3932.0,1323.0,1333.0,2049.8999999999996
1029,3933.0,1340.0,1323.0,8589.36
1030,3934.0,1160.0,1340.0,2442.12
1031,3935.0,1180.0,1160.0,1620.0
1032,3937.0,1230.0,1143.0,3060.0
1033,3938.0,1230.0,1195.0,1637.3999999999999
1034,3939.0,1209.0,1230.0,4647.78
1035,3940.0,1209.0,1188.0,4005.12
1036,3941.0,1180.0,1209.0,816.0
1037,3942.0,1143.0,1180.0,804.0
1038,3943.0,1174.0,1143.0,1557.66
1039,3944.0,1195.0,1174.0,3043.86
1040,3945.0,1347.0,1128.0,3081.7200000000003
1041,3946.0,1091.0,1347.0,3660.0
1042,3948.0,1184.0,1091.0,7424.039999999999
1043,3949.0,1255.0,1184.0,6909.719999999999
1044,3950.0,1020.0,1255.0,8760.24
1045,3951.0,1090.0,1020.0,14167.920000000002
1046,3952.0,1370.0,1090.0,7935.960000000001
1047,3953.0,1077.0,1370.0,2652.84
1048,3954.0,1144.0,1077.0,14670.599999999999
1049,3955.0,1200.0,1144.0,3383.76
1050,3956.0,1124.0,1200.0,3081.84
1051,3957.0,1280.0,1124.0,5051.04
1052,3959.0,1330.0,1280.0,6273.0
1053,3960.0,1247.0,1330.0,9270.599999999999
1054,3961.0,1317.0,1247.0,4396.68
1055,3962.0,1187.0,1317.0,5809.4400000000005
1056,3963.0,1188.0,1187.0,8281.32
1057,3964.0,1097.0,1188.0,4535.88
1058,3965.0,1013.0,1121.0,14099.64
1059,3966.0,1183.0,1013.0,10254.599999999999
1060,3967.0,1123.0,1121.0,531.12
1061,3969.0,1049.0,1191.0,2193.96
1062,3970.0,1049.0,1194.0,8879.28
1063,3971.0,1123.0,1049.0,5790.0
1064,3972.0,1346.0,1123.0,7680.0
1065,3973.0,1189.0,1321.0,7603.14
1066,3974.0,1028.0,1189.0,2043.6000000000001
1067,3975.0,1346.0,1028.0,7229.34
1068,3977.0,1321.0,1346.0,1997.3999999999999
1069,3978.0,1191.0,1321.0,1528.68
1070,3979.0,1204.0,1260.0,1740.0
1071,3980.0,1069.0,1048.0,1718.3999999999999
1072,3981.0,1204.0,1069.0,3635.7000000000003
1073,3982.0,1211.0,1204.0,4378.74
1074,3983.0,1067.0,1013.0,892.3199999999999
1075,3985.0,1313.0,1067.0,6540.0
1076,3986.0,1211.0,1313.0,1559.52
1077,3987.0,1381.0,1211.0,1838.7599999999998
1078,3988.0,1260.0,1381.0,5578.9800000000005
1079,3989.0,1048.0,1260.0,3404.1000000000004
1080,3991.0,1038.0,2115.0,115044.0
1081,4160.0,1106.0,1179.0,5059.4400000000005
1082,4161.0,1334.0,816.0,33696.3936513246
1083,4162.0,222.0,1294.0,5199.582449677068
1084,4163.0,1157.0,811.0,5903.277926217804
1085,4164.0,812.0,1399.0,9839.043691142988
1086,4165.0,1399.0,811.0,10535.854322295098
1087,4166.0,1399.0,1400.0,7476.834638402101
1088,4167.0,1400.0,1402.0,9247.1689771575
1089,4168.0,1401.0,1402.0,8779.48899214086
1090,4169.0,1403.0,1401.0,3378.881971244412
1091,4170.0,1299.0,1404.0,4326.0
1092,4171.0,1404.0,1383.0,1884.0
1093,4172.0,1403.0,1404.0,1777.8722734074418
1094,4173.0,1402.0,1405.0,1058.02858035957
1095,4174.0,1405.0,1403.0,2510.155027852608
1096,4175.0,1405.0,1406.0,7610.04892176504
1097,4176.0,1406.0,812.0,6841.04180667282
1098,4177.0,812.0,1407.0,5294.40270070248
1099,4178.0,1407.0,1128.0,12002.29718511876
1100,4179.0,219.0,1408.0,2317.536167706228
1101,4180.0,1408.0,226.0,23969.31639660168
1102,4181.0,1408.0,1409.0,8661.041574806388
1103,4182.0,1409.0,1410.0,1627.005457060092
1104,4183.0,1410.0,1411.0,4095.3013930434836
1105,4184.0,1411.0,1412.0,3835.0075602405477
1106,4185.0,1412.0,1413.0,4165.504354448016
1107,4186.0,1413.0,1414.0,5535.94181257068
1108,4187.0,1414.0,1415.0,4690.807987259364
1109,4188.0,1415.0,1416.0,6355.151836359577
1110,4189.0,1416.0,1417.0,7713.360392574179
1111,4191.0,1417.0,1419.0,6726.67235841666
1112,4192.0,1419.0,1414.0,5593.773213505734
1113,4193.0,1419.0,1420.0,3287.97903428049
1114,4194.0,1420.0,1410.0,4540.546570516963
1115,4196.0,1409.0,1422.0,11928.85442087748
1116,4197.0,1423.0,1411.0,1065.483744525714
1117,4198.0,1422.0,1424.0,9506.889914609581
1118,4199.0,1424.0,1423.0,1794.4114568202722
1119,4200.0,1424.0,1425.0,10447.70753615064
1120,4201.0,1423.0,1426.0,4510.551504417173
1121,4202.0,1426.0,1425.0,5149.510691202462
1122,4203.0,1426.0,1427.0,1137.599677644744
1123,4204.0,1427.0,1412.0,7961.2450895929915
1124,4205.0,1427.0,1428.0,1179.961597812072
1125,4206.0,1428.0,1429.0,2561.759235900552
1126,4207.0,1429.0,1430.0,2025.676133892714
1127,4208.0,1430.0,1431.0,2055.275575129158
1128,4209.0,1431.0,1432.0,1180.5220008577319
1129,4210.0,1432.0,1433.0,1098.298211146608
1130,4211.0,1433.0,1434.0,9144.93053024034
1131,4212.0,1434.0,1435.0,7030.42612035966
1132,4213.0,1435.0,1433.0,3332.233470676626
1133,4215.0,1435.0,1437.0,1064.49879419271
1134,4216.0,1437.0,1427.0,7602.607883994528
1135,4217.0,1437.0,1432.0,6731.068449805789
1136,4222.0,1432.0,1442.0,7235.052491250576
1137,4223.0,1442.0,1443.0,1084.378866368238
1138,4224.0,1443.0,1444.0,7353.00229457148
1139,4226.0,1444.0,1446.0,8673.845094339
1140,4227.0,1446.0,1443.0,3321.3508532742003
1141,4228.0,1446.0,1447.0,1071.3164731152299
1142,4229.0,1447.0,1442.0,6156.053384820336
1143,4230.0,1447.0,1448.0,5344.86675752082
1144,4232.0,1448.0,1450.0,8711.117294104031
1145,4234.0,1450.0,1452.0,7878.361385014068
1146,4236.0,1454.0,1455.0,4742.366335230048
1147,4237.0,1455.0,1509.0,44748.0
1148,4241.0,1154.0,1460.0,12093.60477071724
1149,4242.0,1460.0,1455.0,4827.392869903908
1150,4243.0,1461.0,1455.0,22781.0172957102
1151,4244.0,816.0,1462.0,22765.062284734442
1152,4245.0,1462.0,1461.0,20968.73450343636
1153,4246.0,1462.0,1416.0,7646.373881581896
1154,4248.0,1413.0,1463.0,3970.552817675046
1155,4249.0,1415.0,1465.0,9213.33866626608
1156,4250.0,1465.0,1463.0,5964.713503475898
1157,4251.0,1461.0,1466.0,5501.232129660234
1158,4252.0,1466.0,1468.0,11766.68221858938
1159,4254.0,1468.0,1470.0,5939.580426046614
1160,4255.0,1470.0,1469.0,2135.593905445986
1161,4256.0,1470.0,1466.0,8532.86175880116
1162,4257.0,1469.0,1471.0,7241.70981942216
1163,4258.0,1471.0,1454.0,6115.06442695602
1164,4259.0,1452.0,1469.0,4525.716947996603
1165,4260.0,1472.0,1454.0,8823.742888045883
1166,4261.0,1452.0,1472.0,7305.094329385753
1167,4262.0,1450.0,1473.0,7645.51552205862
1168,4263.0,1473.0,1442.0,7877.13393595116
1169,4264.0,1460.0,1474.0,1051.8802075228382
1170,4265.0,1474.0,1475.0,9408.332850839219
1171,4266.0,1475.0,1474.0,8395.4134715364
1172,4267.0,1475.0,1476.0,1657.054999570212
1173,4268.0,1476.0,1477.0,9773.35673686746
1174,4269.0,1477.0,1478.0,1186.225771365768
1175,4270.0,1476.0,1477.0,9431.6055494037
1176,4271.0,1461.0,1478.0,2298.382942412358
1177,4272.0,1478.0,1479.0,5323.712321067144
1178,4273.0,1480.0,1481.0,7940.6393721624
1179,4274.0,1481.0,1479.0,2646.142143901278
1180,4276.0,1482.0,1483.0,6380.8226636953805
1181,4277.0,1483.0,1478.0,1068.723833033634
1182,4278.0,1482.0,1484.0,3639.5261511539884
1183,4279.0,1484.0,1483.0,10348.24644259542
1184,4280.0,1484.0,1485.0,1655.1607933822797
1185,4281.0,1486.0,1462.0,1467.880032966192
1186,4282.0,1486.0,1485.0,6716.50322628072
1187,4283.0,1485.0,1487.0,5794.807002955494
1188,4284.0,1487.0,1486.0,5891.028551890872
1189,4285.0,1479.0,1488.0,12495.47202382614
1190,4286.0,1488.0,1480.0,3580.225828582734
1191,4296.0,533.0,660.0,12267.17747818356
1192,4309.0,1505.0,977.0,3832.807952225904
1193,4310.0,1505.0,1506.0,10370.262464204941
1194,4311.0,976.0,1507.0,9446.685656903926
1195,4312.0,1507.0,1505.0,604.268936212722
1196,4313.0,1506.0,1507.0,10403.60523090918
1197,4314.0,389.0,1508.0,7732.746734603568
1198,4315.0,1508.0,256.0,25733.57108426532
1199,4316.0,976.0,1508.0,13390.4680642524
1200,4317.0,1038.0,1509.0,20138.08012568964
1201,4319.0,1512.0,1511.0,2496.045208650912
1202,4320.0,1513.0,1509.0,5012.413567548696
1203,4321.0,1513.0,1515.0,19669.2553753737
1204,4322.0,1515.0,1514.0,14452.836600363178
1205,4323.0,1511.0,1516.0,3671.25703046517
1206,4324.0,1516.0,1517.0,14752.1063211237
1207,4325.0,1517.0,1514.0,3546.2903734814818
1208,4326.0,1516.0,1518.0,9007.798856903279
1209,4327.0,1518.0,1517.0,10453.48215439854
1210,4328.0,1514.0,1519.0,2768.109899502222
1211,4329.0,1519.0,1513.0,6441.797709050581
1212,4330.0,1513.0,1520.0,7936.009786103339
1213,4331.0,1520.0,1519.0,9977.90488995306
1214,4357.0,1335.0,234.0,1078.6100611906343
1215,4358.0,210.0,1072.0,3630.120924069606
1216,4359.0,1294.0,810.0,7562.175596280997
1217,4360.0,810.0,1335.0,20106.06045877644
1218,4372.0,1334.0,1556.0,15072.0
1219,4373.0,1556.0,1227.0,16800.0
1220,4374.0,858.0,1556.0,6595.556998879907
1221,4392.0,1227.0,1100.0,65148.0
1222,4402.0,236.0,1575.0,2122.4037481454397
1223,4403.0,1575.0,237.0,5054.821806500676
1224,4429.0,1121.0,1589.0,7680.0
1225,4430.0,1589.0,1097.0,18156.0
1226,4433.0,2115.0,1183.0,10344.0
1227,4434.0,1381.0,2115.0,2409.493364906076
1228,4439.0,406.0,1593.0,3001.621350707316
1229,4440.0,1593.0,399.0,2862.74885003724
1230,4442.0,1593.0,1594.0,13362.39928280496
1231,4443.0,233.0,1595.0,3173.583804565392
1232,4444.0,1595.0,235.0,3675.001533412332
1233,4445.0,1594.0,1595.0,19359.399105558477
1234,4477.0,393.0,1616.0,1916.160515987316
1235,4478.0,1616.0,388.0,2936.520009623976
1236,4486.0,1157.0,1621.0,9931.935526695901
1237,4487.0,1621.0,1512.0,11753.93310002039
1238,4499.0,1278.0,1626.0,3733.221080250756
1239,4500.0,1626.0,1488.0,2606.181847371954
1240,4501.0,1021.0,1627.0,2874.0
1241,4502.0,1627.0,1351.0,4194.0
1242,4503.0,1626.0,1627.0,3679.0719634520037
1243,4504.0,1627.0,1628.0,5447.471122142136
1244,4505.0,1628.0,1629.0,2203.111585725264
1245,4506.0,1629.0,1351.0,4705.83824855292
1246,4507.0,1361.0,1630.0,2352.0
1247,4508.0,1630.0,1358.0,4158.0
1248,4509.0,1630.0,1631.0,4344.91759874523
1249,4510.0,1631.0,1071.0,5223.474336220572
1250,5943.0,1033.0,2569.0,3324.0
1251,5944.0,2569.0,1197.0,21708.0
1252,1.0,651.0,281.0,2400.0
1253,2.0,655.0,280.0,2400.0
1254,3.0,650.0,290.0,2400.0
1255,4.0,339.0,332.0,1200.0
1256,5.0,332.0,349.0,1200.0
1257,6.0,373.0,325.0,3600.0
1258,7.0,257.0,370.0,3000.0
1259,8.0,815.0,845.0,1800.0
1260,9.0,817.0,848.0,3000.0
1261,10.0,685.0,698.0,1800.0
1262,11.0,801.0,795.0,1800.0
1263,12.0,730.0,722.0,1800.0
1264,13.0,484.0,454.0,1800.0
1265,14.0,459.0,438.0,2400.0
1266,15.0,452.0,404.0,1200.0
1267,16.0,868.0,1334.0,1800.0
1268,17.0,1281.0,2569.0,1800.0
1269,18.0,369.0,1508.0,600.0
1270,19.0,1512.0,1450.0,18413.46
1271,20.0,536.0,551.0,3206.7000000000003
1272,21.0,1086.0,1251.0,3002.04
1273,22.0,608.0,1.0,40000.0
1274,,,,
