 Link ID,0:00 ,1:00 ,2:00 ,3:00 ,4:00 ,5:00 ,6:00 ,7:00 ,8:00 ,9:00 ,10:00 ,11:00 ,12:00 ,13:00 ,14:00 ,15:00 ,16:00 ,17:00 ,18:00 ,19:00 ,20:00 ,21:00 ,22:00 ,23:00 ,24:00 ,25:00 ,26:00 ,27:00 ,28:00 ,29:00 ,30:00 ,31:00 ,32:00 ,33:00 ,34:00 ,35:00 ,36:00 ,37:00 ,38:00 ,39:00 ,40:00 ,41:00 ,42:00 ,43:00 ,44:00 ,45:00 ,46:00 ,47:00 ,48:00 ,
1,16.865450,16.865560,16.865560,16.865560,16.865560,16.865560,16.865560,16.865560,16.865560,16.865560,16.865560,16.865560,16.865560,16.865560,16.865560,16.865560,16.865560,16.865560,16.865560,16.865560,16.865560,16.865560,16.865560,16.865560,16.865560,16.865560,16.865560,16.865560,16.865560,16.865560,16.865560,16.865560,16.865560,16.865560,16.865560,16.865560,16.865560,16.865560,16.865560,16.865560,16.865560,16.865560,16.865560,16.865560,16.865560,16.865560,16.865560,16.865560,16.865560,
2,-23.675520,-23.675560,-23.675560,-23.675560,-23.675560,-23.675560,-23.675560,-23.675560,-23.675560,-23.675560,-23.675560,-23.675560,-23.675560,-23.675560,-23.675560,-23.675560,-23.675560,-23.675560,-23.675560,-23.675560,-23.675560,-23.675560,-23.675560,-23.675560,-23.675560,-23.675560,-23.675560,-23.675560,-23.675560,-23.675560,-23.675560,-23.675560,-23.675560,-23.675560,-23.675560,-23.675560,-23.675560,-23.675560,-23.675560,-23.675560,-23.675560,-23.675560,-23.675560,-23.675560,-23.675560,-23.675560,-23.675560,-23.675560,-23.675560,
3,-36.832440,-36.832590,-36.832590,-36.832590,-36.832590,-36.832590,-36.832590,-36.832590,-36.832590,-36.832590,-36.832590,-36.832590,-36.832590,-36.832590,-36.832590,-36.832590,-36.832590,-36.832590,-36.832590,-36.832590,-36.832590,-36.832590,-36.832590,-36.832590,-36.832590,-36.832590,-36.832590,-36.832590,-36.832590,-36.832590,-36.832590,-36.832590,-36.832590,-36.832590,-36.832590,-36.832590,-36.832590,-36.832590,-36.832590,-36.832590,-36.832590,-36.832590,-36.832590,-36.832590,-36.832590,-36.832590,-36.832590,-36.832590,-36.832590,
4,11.865310,11.865560,11.865560,11.865560,11.865560,11.865560,11.865560,11.865560,11.865560,11.865560,11.865560,11.865560,11.865560,11.865560,11.865560,11.865560,11.865560,11.865560,11.865560,11.865560,11.865560,11.865560,11.865560,11.865560,11.865560,11.865560,11.865560,11.865560,11.865560,11.865560,11.865560,11.865560,11.865560,11.865560,11.865560,11.865560,11.865560,11.865560,11.865560,11.865560,11.865560,11.865560,11.865560,11.865560,11.865560,11.865560,11.865560,11.865560,11.865560,
5,65.441310,65.441440,65.441440,65.441440,65.441440,65.441440,65.441440,65.441440,65.441440,65.441440,65.441440,65.441440,65.441440,65.441440,65.441440,65.441440,65.441440,65.441440,65.441440,65.441440,65.441440,65.441440,65.441440,65.441440,65.441440,65.441440,65.441440,65.441440,65.441440,65.441440,65.441440,65.441440,65.441440,65.441440,65.441440,65.441440,65.441440,65.441440,65.441440,65.441440,65.441440,65.441440,65.441440,65.441440,65.441440,65.441440,65.441440,65.441440,65.441440,
6,50.765310,50.765430,50.765430,50.765430,50.765430,50.765430,50.765430,50.765430,50.765430,50.765430,50.765430,50.765430,50.765430,50.765430,50.765430,50.765430,50.765430,50.765430,50.765430,50.765430,50.765430,50.765430,50.765430,50.765430,50.765430,50.765430,50.765430,50.765430,50.765430,50.765430,50.765430,50.765430,50.765430,50.765430,50.765430,50.765430,50.765430,50.765430,50.765430,50.765430,50.765430,50.765430,50.765430,50.765430,50.765430,50.765430,50.765430,50.765430,50.765430,
7,-34.253410,-34.253410,-34.253410,-34.253410,-34.253410,-34.253410,-34.253410,-34.253410,-34.253410,-34.253410,-34.253410,-34.253410,-34.253410,-34.253410,-34.253410,-34.253410,-34.253410,-34.253410,-34.253410,-34.253410,-34.253410,-34.253410,-34.253410,-34.253410,-34.253410,-34.253410,-34.253410,-34.253410,-34.253410,-34.253410,-34.253410,-34.253410,-34.253410,-34.253410,-34.253410,-34.253410,-34.253410,-34.253410,-34.253410,-34.253410,-34.253410,-34.253410,-34.253410,-34.253410,-34.253410,-34.253410,-34.253410,-34.253410,-34.253410,
9,20.853490,20.853470,20.853470,20.853470,20.853470,20.853470,20.853470,20.853470,20.853470,20.853470,20.853470,20.853470,20.853470,20.853470,20.853470,20.853470,20.853470,20.853470,20.853470,20.853470,20.853470,20.853470,20.853470,20.853470,20.853470,20.853470,20.853470,20.853470,20.853470,20.853470,20.853470,20.853470,20.853470,20.853470,20.853470,20.853470,20.853470,20.853470,20.853470,20.853470,20.853470,20.853470,20.853470,20.853470,20.853470,20.853470,20.853470,20.853470,20.853470,
10,26.578750,26.578730,26.578730,26.578730,26.578730,26.578730,26.578730,26.578730,26.578730,26.578730,26.578730,26.578730,26.578730,26.578730,26.578730,26.578730,26.578730,26.578730,26.578730,26.578730,26.578730,26.578730,26.578730,26.578730,26.578730,26.578730,26.578730,26.578730,26.578730,26.578730,26.578730,26.578730,26.578730,26.578730,26.578730,26.578730,26.578730,26.578730,26.578730,26.578730,26.578730,26.578730,26.578730,26.578730,26.578730,26.578730,26.578730,26.578730,26.578730,
11,10.279310,10.279410,10.279410,10.279410,10.279410,10.279410,10.279410,10.279410,10.279410,10.279410,10.279410,10.279410,10.279410,10.279410,10.279410,10.279410,10.279410,10.279410,10.279410,10.279410,10.279410,10.279410,10.279410,10.279410,10.279410,10.279410,10.279410,10.279410,10.279410,10.279410,10.279410,10.279410,10.279410,10.279410,10.279410,10.279410,10.279410,10.279410,10.279410,10.279410,10.279410,10.279410,10.279410,10.279410,10.279410,10.279410,10.279410,10.279410,10.279410,
12,9.156281,9.156598,9.156598,9.156598,9.156598,9.156598,9.156598,9.156598,9.156598,9.156598,9.156598,9.156598,9.156598,9.156598,9.156598,9.156598,9.156598,9.156598,9.156598,9.156598,9.156598,9.156598,9.156598,9.156598,9.156598,9.156598,9.156598,9.156598,9.156598,9.156598,9.156598,9.156598,9.156598,9.156598,9.156598,9.156598,9.156598,9.156598,9.156598,9.156598,9.156598,9.156598,9.156598,9.156598,9.156598,9.156598,9.156598,9.156598,9.156598,
13,12.863860,12.864010,12.864010,12.864010,12.864010,12.864010,12.864010,12.864010,12.864010,12.864010,12.864010,12.864010,12.864010,12.864010,12.864010,12.864010,12.864010,12.864010,12.864010,12.864010,12.864010,12.864010,12.864010,12.864010,12.864010,12.864010,12.864010,12.864010,12.864010,12.864010,12.864010,12.864010,12.864010,12.864010,12.864010,12.864010,12.864010,12.864010,12.864010,12.864010,12.864010,12.864010,12.864010,12.864010,12.864010,12.864010,12.864010,12.864010,12.864010,
14,15.682040,15.682230,15.682230,15.682230,15.682230,15.682230,15.682230,15.682230,15.682230,15.682230,15.682230,15.682230,15.682230,15.682230,15.682230,15.682230,15.682230,15.682230,15.682230,15.682230,15.682230,15.682230,15.682230,15.682230,15.682230,15.682230,15.682230,15.682230,15.682230,15.682230,15.682230,15.682230,15.682230,15.682230,15.682230,15.682230,15.682230,15.682230,15.682230,15.682230,15.682230,15.682230,15.682230,15.682230,15.682230,15.682230,15.682230,15.682230,15.682230,
15,-6.985556,-6.985816,-6.985816,-6.985816,-6.985816,-6.985816,-6.985816,-6.985816,-6.985816,-6.985816,-6.985816,-6.985816,-6.985816,-6.985816,-6.985816,-6.985816,-6.985816,-6.985816,-6.985816,-6.985816,-6.985816,-6.985816,-6.985816,-6.985816,-6.985816,-6.985816,-6.985816,-6.985816,-6.985816,-6.985816,-6.985816,-6.985816,-6.985816,-6.985816,-6.985816,-6.985816,-6.985816,-6.985816,-6.985816,-6.985816,-6.985816,-6.985816,-6.985816,-6.985816,-6.985816,-6.985816,-6.985816,-6.985816,-6.985816,
16,13.153450,13.153780,13.153780,13.153780,13.153780,13.153780,13.153780,13.153780,13.153780,13.153780,13.153780,13.153780,13.153780,13.153780,13.153780,13.153780,13.153780,13.153780,13.153780,13.153780,13.153780,13.153780,13.153780,13.153780,13.153780,13.153780,13.153780,13.153780,13.153780,13.153780,13.153780,13.153780,13.153780,13.153780,13.153780,13.153780,13.153780,13.153780,13.153780,13.153780,13.153780,13.153780,13.153780,13.153780,13.153780,13.153780,13.153780,13.153780,13.153780,
17,35.651820,35.652570,35.652570,35.652570,35.652570,35.652570,35.652570,35.652570,35.652570,35.652570,35.652570,35.652570,35.652570,35.652570,35.652570,35.652570,35.652570,35.652570,35.652570,35.652570,35.652570,35.652570,35.652570,35.652570,35.652570,35.652570,35.652570,35.652570,35.652570,35.652570,35.652570,35.652570,35.652570,35.652570,35.652570,35.652570,35.652570,35.652570,35.652570,35.652570,35.652570,35.652570,35.652570,35.652570,35.652570,35.652570,35.652570,35.652570,35.652570,
18,10.044300,10.043110,10.043110,10.043110,10.043110,10.043110,10.043110,10.043110,10.043110,10.043110,10.043110,10.043110,10.043110,10.043110,10.043110,10.043110,10.043110,10.043110,10.043110,10.043110,10.043110,10.043110,10.043110,10.043110,10.043110,10.043110,10.043110,10.043110,10.043110,10.043110,10.043110,10.043110,10.043110,10.043110,10.043110,10.043110,10.043110,10.043110,10.043110,10.043110,10.043110,10.043110,10.043110,10.043110,10.043110,10.043110,10.043110,10.043110,10.043110,
19,13.193370,13.193830,13.193830,13.193830,13.193830,13.193830,13.193830,13.193830,13.193830,13.193830,13.193830,13.193830,13.193830,13.193830,13.193830,13.193830,13.193830,13.193830,13.193830,13.193830,13.193830,13.193830,13.193830,13.193830,13.193830,13.193830,13.193830,13.193830,13.193830,13.193830,13.193830,13.193830,13.193830,13.193830,13.193830,13.193830,13.193830,13.193830,13.193830,13.193830,13.193830,13.193830,13.193830,13.193830,13.193830,13.193830,13.193830,13.193830,13.193830,
21,-3.689711,-3.690000,-3.690000,-3.690000,-3.690000,-3.690000,-3.690000,-3.690000,-3.690000,-3.690000,-3.690000,-3.690000,-3.690000,-3.690000,-3.690000,-3.690000,-3.690000,-3.690000,-3.690000,-3.690000,-3.690000,-3.690000,-3.690000,-3.690000,-3.690000,-3.690000,-3.690000,-3.690000,-3.690000,-3.690000,-3.690000,-3.690000,-3.690000,-3.690000,-3.690000,-3.690000,-3.690000,-3.690000,-3.690000,-3.690000,-3.690000,-3.690000,-3.690000,-3.690000,-3.690000,-3.690000,-3.690000,-3.690000,-3.690000,
22,18.318000,18.318000,18.318000,18.318000,18.318000,18.318000,18.318000,18.318000,18.318000,18.318000,18.318000,18.318000,18.318000,18.318000,18.318000,18.318000,18.318000,18.318000,18.318000,18.318000,18.318000,18.318000,18.318000,18.318000,18.318000,18.318000,18.318000,18.318000,18.318000,18.318000,18.318000,18.318000,18.318000,18.318000,18.318000,18.318000,18.318000,18.318000,18.318000,18.318000,18.318000,18.318000,18.318000,18.318000,18.318000,18.318000,18.318000,18.318000,18.318000,
23,10.931960,10.928940,10.928940,10.928940,10.928940,10.928940,10.928940,10.928940,10.928940,10.928940,10.928940,10.928940,10.928940,10.928940,10.928940,10.928940,10.928940,10.928940,10.928940,10.928940,10.928940,10.928940,10.928940,10.928940,10.928940,10.928940,10.928940,10.928940,10.928940,10.928940,10.928940,10.928940,10.928940,10.928940,10.928940,10.928940,10.928940,10.928940,10.928940,10.928940,10.928940,10.928940,10.928940,10.928940,10.928940,10.928940,10.928940,10.928940,10.928940,
24,15.232530,15.233060,15.233060,15.233060,15.233060,15.233060,15.233060,15.233060,15.233060,15.233060,15.233060,15.233060,15.233060,15.233060,15.233060,15.233060,15.233060,15.233060,15.233060,15.233060,15.233060,15.233060,15.233060,15.233060,15.233060,15.233060,15.233060,15.233060,15.233060,15.233060,15.233060,15.233060,15.233060,15.233060,15.233060,15.233060,15.233060,15.233060,15.233060,15.233060,15.233060,15.233060,15.233060,15.233060,15.233060,15.233060,15.233060,15.233060,15.233060,
25,-2.420783,-2.423326,-2.423326,-2.423326,-2.423326,-2.423326,-2.423326,-2.423326,-2.423326,-2.423326,-2.423326,-2.423326,-2.423326,-2.423326,-2.423326,-2.423326,-2.423326,-2.423326,-2.423326,-2.423326,-2.423326,-2.423326,-2.423326,-2.423326,-2.423326,-2.423326,-2.423326,-2.423326,-2.423326,-2.423326,-2.423326,-2.423326,-2.423326,-2.423326,-2.423326,-2.423326,-2.423326,-2.423326,-2.423326,-2.423326,-2.423326,-2.423326,-2.423326,-2.423326,-2.423326,-2.423326,-2.423326,-2.423326,-2.423326,
26,20.287100,20.286390,20.286390,20.286390,20.286390,20.286390,20.286390,20.286390,20.286390,20.286390,20.286390,20.286390,20.286390,20.286390,20.286390,20.286390,20.286390,20.286390,20.286390,20.286390,20.286390,20.286390,20.286390,20.286390,20.286390,20.286390,20.286390,20.286390,20.286390,20.286390,20.286390,20.286390,20.286390,20.286390,20.286390,20.286390,20.286390,20.286390,20.286390,20.286390,20.286390,20.286390,20.286390,20.286390,20.286390,20.286390,20.286390,20.286390,20.286390,
27,4.079503,4.078597,4.078597,4.078597,4.078597,4.078597,4.078597,4.078597,4.078597,4.078597,4.078597,4.078597,4.078597,4.078597,4.078597,4.078597,4.078597,4.078597,4.078597,4.078597,4.078597,4.078597,4.078597,4.078597,4.078597,4.078597,4.078597,4.078597,4.078597,4.078597,4.078597,4.078597,4.078597,4.078597,4.078597,4.078597,4.078597,4.078597,4.078597,4.078597,4.078597,4.078597,4.078597,4.078597,4.078597,4.078597,4.078597,4.078597,4.078597,
28,-14.871050,-14.871370,-14.871370,-14.871370,-14.871370,-14.871370,-14.871370,-14.871370,-14.871370,-14.871370,-14.871370,-14.871370,-14.871370,-14.871370,-14.871370,-14.871370,-14.871370,-14.871370,-14.871370,-14.871370,-14.871370,-14.871370,-14.871370,-14.871370,-14.871370,-14.871370,-14.871370,-14.871370,-14.871370,-14.871370,-14.871370,-14.871370,-14.871370,-14.871370,-14.871370,-14.871370,-14.871370,-14.871370,-14.871370,-14.871370,-14.871370,-14.871370,-14.871370,-14.871370,-14.871370,-14.871370,-14.871370,-14.871370,-14.871370,
29,13.258670,13.257960,13.257960,13.257960,13.257960,13.257960,13.257960,13.257960,13.257960,13.257960,13.257960,13.257960,13.257960,13.257960,13.257960,13.257960,13.257960,13.257960,13.257960,13.257960,13.257960,13.257960,13.257960,13.257960,13.257960,13.257960,13.257960,13.257960,13.257960,13.257960,13.257960,13.257960,13.257960,13.257960,13.257960,13.257960,13.257960,13.257960,13.257960,13.257960,13.257960,13.257960,13.257960,13.257960,13.257960,13.257960,13.257960,13.257960,13.257960,
30,6.285395,6.286097,6.286097,6.286097,6.286097,6.286097,6.286097,6.286097,6.286097,6.286097,6.286097,6.286097,6.286097,6.286097,6.286097,6.286097,6.286097,6.286097,6.286097,6.286097,6.286097,6.286097,6.286097,6.286097,6.286097,6.286097,6.286097,6.286097,6.286097,6.286097,6.286097,6.286097,6.286097,6.286097,6.286097,6.286097,6.286097,6.286097,6.286097,6.286097,6.286097,6.286097,6.286097,6.286097,6.286097,6.286097,6.286097,6.286097,6.286097,
31,31.324230,31.324060,31.324060,31.324060,31.324060,31.324060,31.324060,31.324060,31.324060,31.324060,31.324060,31.324060,31.324060,31.324060,31.324060,31.324060,31.324060,31.324060,31.324060,31.324060,31.324060,31.324060,31.324060,31.324060,31.324060,31.324060,31.324060,31.324060,31.324060,31.324060,31.324060,31.324060,31.324060,31.324060,31.324060,31.324060,31.324060,31.324060,31.324060,31.324060,31.324060,31.324060,31.324060,31.324060,31.324060,31.324060,31.324060,31.324060,31.324060,
32,-11.375320,-11.375260,-11.375260,-11.375260,-11.375260,-11.375260,-11.375260,-11.375260,-11.375260,-11.375260,-11.375260,-11.375260,-11.375260,-11.375260,-11.375260,-11.375260,-11.375260,-11.375260,-11.375260,-11.375260,-11.375260,-11.375260,-11.375260,-11.375260,-11.375260,-11.375260,-11.375260,-11.375260,-11.375260,-11.375260,-11.375260,-11.375260,-11.375260,-11.375260,-11.375260,-11.375260,-11.375260,-11.375260,-11.375260,-11.375260,-11.375260,-11.375260,-11.375260,-11.375260,-11.375260,-11.375260,-11.375260,-11.375260,-11.375260,
33,26.731070,26.730880,26.730880,26.730880,26.730880,26.730880,26.730880,26.730880,26.730880,26.730880,26.730880,26.730880,26.730880,26.730880,26.730880,26.730880,26.730880,26.730880,26.730880,26.730880,26.730880,26.730880,26.730880,26.730880,26.730880,26.730880,26.730880,26.730880,26.730880,26.730880,26.730880,26.730880,26.730880,26.730880,26.730880,26.730880,26.730880,26.730880,26.730880,26.730880,26.730880,26.730880,26.730880,26.730880,26.730880,26.730880,26.730880,26.730880,26.730880,
34,-15.531570,-15.531450,-15.531450,-15.531450,-15.531450,-15.531450,-15.531450,-15.531450,-15.531450,-15.531450,-15.531450,-15.531450,-15.531450,-15.531450,-15.531450,-15.531450,-15.531450,-15.531450,-15.531450,-15.531450,-15.531450,-15.531450,-15.531450,-15.531450,-15.531450,-15.531450,-15.531450,-15.531450,-15.531450,-15.531450,-15.531450,-15.531450,-15.531450,-15.531450,-15.531450,-15.531450,-15.531450,-15.531450,-15.531450,-15.531450,-15.531450,-15.531450,-15.531450,-15.531450,-15.531450,-15.531450,-15.531450,-15.531450,-15.531450,
35,63.368050,63.367980,63.367980,63.367980,63.367980,63.367980,63.367980,63.367980,63.367980,63.367980,63.367980,63.367980,63.367980,63.367980,63.367980,63.367980,63.367980,63.367980,63.367980,63.367980,63.367980,63.367980,63.367980,63.367980,63.367980,63.367980,63.367980,63.367980,63.367980,63.367980,63.367980,63.367980,63.367980,63.367980,63.367980,63.367980,63.367980,63.367980,63.367980,63.367980,63.367980,63.367980,63.367980,63.367980,63.367980,63.367980,63.367980,63.367980,63.367980,
37,74.936050,74.935980,74.935980,74.935980,74.935980,74.935980,74.935980,74.935980,74.935980,74.935980,74.935980,74.935980,74.935980,74.935980,74.935980,74.935980,74.935980,74.935980,74.935980,74.935980,74.935980,74.935980,74.935980,74.935980,74.935980,74.935980,74.935980,74.935980,74.935980,74.935980,74.935980,74.935980,74.935980,74.935980,74.935980,74.935980,74.935980,74.935980,74.935980,74.935980,74.935980,74.935980,74.935980,74.935980,74.935980,74.935980,74.935980,74.935980,74.935980,
38,-22.847330,-22.847280,-22.847280,-22.847280,-22.847280,-22.847280,-22.847280,-22.847280,-22.847280,-22.847280,-22.847280,-22.847280,-22.847280,-22.847280,-22.847280,-22.847280,-22.847280,-22.847280,-22.847280,-22.847280,-22.847280,-22.847280,-22.847280,-22.847280,-22.847280,-22.847280,-22.847280,-22.847280,-22.847280,-22.847280,-22.847280,-22.847280,-22.847280,-22.847280,-22.847280,-22.847280,-22.847280,-22.847280,-22.847280,-22.847280,-22.847280,-22.847280,-22.847280,-22.847280,-22.847280,-22.847280,-22.847280,-22.847280,-22.847280,
39,90.677870,90.677830,90.677830,90.677830,90.677830,90.677830,90.677830,90.677830,90.677830,90.677830,90.677830,90.677830,90.677830,90.677830,90.677830,90.677830,90.677830,90.677830,90.677830,90.677830,90.677830,90.677830,90.677830,90.677830,90.677830,90.677830,90.677830,90.677830,90.677830,90.677830,90.677830,90.677830,90.677830,90.677830,90.677830,90.677830,90.677830,90.677830,90.677830,90.677830,90.677830,90.677830,90.677830,90.677830,90.677830,90.677830,90.677830,90.677830,90.677830,
40,-67.093860,-67.094150,-67.094150,-67.094150,-67.094150,-67.094150,-67.094150,-67.094150,-67.094150,-67.094150,-67.094150,-67.094150,-67.094150,-67.094150,-67.094150,-67.094150,-67.094150,-67.094150,-67.094150,-67.094150,-67.094150,-67.094150,-67.094150,-67.094150,-67.094150,-67.094150,-67.094150,-67.094150,-67.094150,-67.094150,-67.094150,-67.094150,-67.094150,-67.094150,-67.094150,-67.094150,-67.094150,-67.094150,-67.094150,-67.094150,-67.094150,-67.094150,-67.094150,-67.094150,-67.094150,-67.094150,-67.094150,-67.094150,-67.094150,
41,116.413300,116.413600,116.413600,116.413600,116.413600,116.413600,116.413600,116.413600,116.413600,116.413600,116.413600,116.413600,116.413600,116.413600,116.413600,116.413600,116.413600,116.413600,116.413600,116.413600,116.413600,116.413600,116.413600,116.413600,116.413600,116.413600,116.413600,116.413600,116.413600,116.413600,116.413600,116.413600,116.413600,116.413600,116.413600,116.413600,116.413600,116.413600,116.413600,116.413600,116.413600,116.413600,116.413600,116.413600,116.413600,116.413600,116.413600,116.413600,116.413600,
42,121.373300,121.373600,121.373600,121.373600,121.373600,121.373600,121.373600,121.373600,121.373600,121.373600,121.373600,121.373600,121.373600,121.373600,121.373600,121.373600,121.373600,121.373600,121.373600,121.373600,121.373600,121.373600,121.373600,121.373600,121.373600,121.373600,121.373600,121.373600,121.373600,121.373600,121.373600,121.373600,121.373600,121.373600,121.373600,121.373600,121.373600,121.373600,121.373600,121.373600,121.373600,121.373600,121.373600,121.373600,121.373600,121.373600,121.373600,121.373600,121.373600,
43,126.135300,126.135600,126.135600,126.135600,126.135600,126.135600,126.135600,126.135600,126.135600,126.135600,126.135600,126.135600,126.135600,126.135600,126.135600,126.135600,126.135600,126.135600,126.135600,126.135600,126.135600,126.135600,126.135600,126.135600,126.135600,126.135600,126.135600,126.135600,126.135600,126.135600,126.135600,126.135600,126.135600,126.135600,126.135600,126.135600,126.135600,126.135600,126.135600,126.135600,126.135600,126.135600,126.135600,126.135600,126.135600,126.135600,126.135600,126.135600,126.135600,
44,117.383900,117.383500,117.383500,117.383500,117.383500,117.383500,117.383500,117.383500,117.383500,117.383500,117.383500,117.383500,117.383500,117.383500,117.383500,117.383500,117.383500,117.383500,117.383500,117.383500,117.383500,117.383500,117.383500,117.383500,117.383500,117.383500,117.383500,117.383500,117.383500,117.383500,117.383500,117.383500,117.383500,117.383500,117.383500,117.383500,117.383500,117.383500,117.383500,117.383500,117.383500,117.383500,117.383500,117.383500,117.383500,117.383500,117.383500,117.383500,117.383500,
45,188.785500,188.785400,188.785400,188.785400,188.785400,188.785400,188.785400,188.785400,188.785400,188.785400,188.785400,188.785400,188.785400,188.785400,188.785400,188.785400,188.785400,188.785400,188.785400,188.785400,188.785400,188.785400,188.785400,188.785400,188.785400,188.785400,188.785400,188.785400,188.785400,188.785400,188.785400,188.785400,188.785400,188.785400,188.785400,188.785400,188.785400,188.785400,188.785400,188.785400,188.785400,188.785400,188.785400,188.785400,188.785400,188.785400,188.785400,188.785400,188.785400,
46,72.898380,72.898380,72.898380,72.898380,72.898380,72.898380,72.898380,72.898380,72.898380,72.898380,72.898380,72.898380,72.898380,72.898380,72.898380,72.898380,72.898380,72.898380,72.898380,72.898380,72.898380,72.898380,72.898380,72.898380,72.898380,72.898380,72.898380,72.898380,72.898380,72.898380,72.898380,72.898380,72.898380,72.898380,72.898380,72.898380,72.898380,72.898380,72.898380,72.898380,72.898380,72.898380,72.898380,72.898380,72.898380,72.898380,72.898380,72.898380,72.898380,
47,108.859100,108.859000,108.859000,108.859000,108.859000,108.859000,108.859000,108.859000,108.859000,108.859000,108.859000,108.859000,108.859000,108.859000,108.859000,108.859000,108.859000,108.859000,108.859000,108.859000,108.859000,108.859000,108.859000,108.859000,108.859000,108.859000,108.859000,108.859000,108.859000,108.859000,108.859000,108.859000,108.859000,108.859000,108.859000,108.859000,108.859000,108.859000,108.859000,108.859000,108.859000,108.859000,108.859000,108.859000,108.859000,108.859000,108.859000,108.859000,108.859000,
48,34.151560,34.151430,34.151430,34.151430,34.151430,34.151430,34.151430,34.151430,34.151430,34.151430,34.151430,34.151430,34.151430,34.151430,34.151430,34.151430,34.151430,34.151430,34.151430,34.151430,34.151430,34.151430,34.151430,34.151430,34.151430,34.151430,34.151430,34.151430,34.151430,34.151430,34.151430,34.151430,34.151430,34.151430,34.151430,34.151430,34.151430,34.151430,34.151430,34.151430,34.151430,34.151430,34.151430,34.151430,34.151430,34.151430,34.151430,34.151430,34.151430,
49,64.693540,64.693580,64.693580,64.693580,64.693580,64.693580,64.693580,64.693580,64.693580,64.693580,64.693580,64.693580,64.693580,64.693580,64.693580,64.693580,64.693580,64.693580,64.693580,64.693580,64.693580,64.693580,64.693580,64.693580,64.693580,64.693580,64.693580,64.693580,64.693580,64.693580,64.693580,64.693580,64.693580,64.693580,64.693580,64.693580,64.693580,64.693580,64.693580,64.693580,64.693580,64.693580,64.693580,64.693580,64.693580,64.693580,64.693580,64.693580,64.693580,
51,105.375300,105.375600,105.375600,105.375600,105.375600,105.375600,105.375600,105.375600,105.375600,105.375600,105.375600,105.375600,105.375600,105.375600,105.375600,105.375600,105.375600,105.375600,105.375600,105.375600,105.375600,105.375600,105.375600,105.375600,105.375600,105.375600,105.375600,105.375600,105.375600,105.375600,105.375600,105.375600,105.375600,105.375600,105.375600,105.375600,105.375600,105.375600,105.375600,105.375600,105.375600,105.375600,105.375600,105.375600,105.375600,105.375600,105.375600,105.375600,105.375600,
52,55.921550,55.921580,55.921580,55.921580,55.921580,55.921580,55.921580,55.921580,55.921580,55.921580,55.921580,55.921580,55.921580,55.921580,55.921580,55.921580,55.921580,55.921580,55.921580,55.921580,55.921580,55.921580,55.921580,55.921580,55.921580,55.921580,55.921580,55.921580,55.921580,55.921580,55.921580,55.921580,55.921580,55.921580,55.921580,55.921580,55.921580,55.921580,55.921580,55.921580,55.921580,55.921580,55.921580,55.921580,55.921580,55.921580,55.921580,55.921580,55.921580,
53,41.126590,41.126340,41.126340,41.126340,41.126340,41.126340,41.126340,41.126340,41.126340,41.126340,41.126340,41.126340,41.126340,41.126340,41.126340,41.126340,41.126340,41.126340,41.126340,41.126340,41.126340,41.126340,41.126340,41.126340,41.126340,41.126340,41.126340,41.126340,41.126340,41.126340,41.126340,41.126340,41.126340,41.126340,41.126340,41.126340,41.126340,41.126340,41.126340,41.126340,41.126340,41.126340,41.126340,41.126340,41.126340,41.126340,41.126340,41.126340,41.126340,
54,41.756520,41.756190,41.756190,41.756190,41.756190,41.756190,41.756190,41.756190,41.756190,41.756190,41.756190,41.756190,41.756190,41.756190,41.756190,41.756190,41.756190,41.756190,41.756190,41.756190,41.756190,41.756190,41.756190,41.756190,41.756190,41.756190,41.756190,41.756190,41.756190,41.756190,41.756190,41.756190,41.756190,41.756190,41.756190,41.756190,41.756190,41.756190,41.756190,41.756190,41.756190,41.756190,41.756190,41.756190,41.756190,41.756190,41.756190,41.756190,41.756190,
55,24.444480,24.444440,24.444440,24.444440,24.444440,24.444440,24.444440,24.444440,24.444440,24.444440,24.444440,24.444440,24.444440,24.444440,24.444440,24.444440,24.444440,24.444440,24.444440,24.444440,24.444440,24.444440,24.444440,24.444440,24.444440,24.444440,24.444440,24.444440,24.444440,24.444440,24.444440,24.444440,24.444440,24.444440,24.444440,24.444440,24.444440,24.444440,24.444440,24.444440,24.444440,24.444440,24.444440,24.444440,24.444440,24.444440,24.444440,24.444440,24.444440,
56,29.291490,29.291030,29.291030,29.291030,29.291030,29.291030,29.291030,29.291030,29.291030,29.291030,29.291030,29.291030,29.291030,29.291030,29.291030,29.291030,29.291030,29.291030,29.291030,29.291030,29.291030,29.291030,29.291030,29.291030,29.291030,29.291030,29.291030,29.291030,29.291030,29.291030,29.291030,29.291030,29.291030,29.291030,29.291030,29.291030,29.291030,29.291030,29.291030,29.291030,29.291030,29.291030,29.291030,29.291030,29.291030,29.291030,29.291030,29.291030,29.291030,
57,22.895940,22.896000,22.896000,22.896000,22.896000,22.896000,22.896000,22.896000,22.896000,22.896000,22.896000,22.896000,22.896000,22.896000,22.896000,22.896000,22.896000,22.896000,22.896000,22.896000,22.896000,22.896000,22.896000,22.896000,22.896000,22.896000,22.896000,22.896000,22.896000,22.896000,22.896000,22.896000,22.896000,22.896000,22.896000,22.896000,22.896000,22.896000,22.896000,22.896000,22.896000,22.896000,22.896000,22.896000,22.896000,22.896000,22.896000,22.896000,22.896000,
58,11.167580,11.167040,11.167040,11.167040,11.167040,11.167040,11.167040,11.167040,11.167040,11.167040,11.167040,11.167040,11.167040,11.167040,11.167040,11.167040,11.167040,11.167040,11.167040,11.167040,11.167040,11.167040,11.167040,11.167040,11.167040,11.167040,11.167040,11.167040,11.167040,11.167040,11.167040,11.167040,11.167040,11.167040,11.167040,11.167040,11.167040,11.167040,11.167040,11.167040,11.167040,11.167040,11.167040,11.167040,11.167040,11.167040,11.167040,11.167040,11.167040,
59,21.319610,21.319790,21.319790,21.319790,21.319790,21.319790,21.319790,21.319790,21.319790,21.319790,21.319790,21.319790,21.319790,21.319790,21.319790,21.319790,21.319790,21.319790,21.319790,21.319790,21.319790,21.319790,21.319790,21.319790,21.319790,21.319790,21.319790,21.319790,21.319790,21.319790,21.319790,21.319790,21.319790,21.319790,21.319790,21.319790,21.319790,21.319790,21.319790,21.319790,21.319790,21.319790,21.319790,21.319790,21.319790,21.319790,21.319790,21.319790,21.319790,
60,14.642040,14.642750,14.642750,14.642750,14.642750,14.642750,14.642750,14.642750,14.642750,14.642750,14.642750,14.642750,14.642750,14.642750,14.642750,14.642750,14.642750,14.642750,14.642750,14.642750,14.642750,14.642750,14.642750,14.642750,14.642750,14.642750,14.642750,14.642750,14.642750,14.642750,14.642750,14.642750,14.642750,14.642750,14.642750,14.642750,14.642750,14.642750,14.642750,14.642750,14.642750,14.642750,14.642750,14.642750,14.642750,14.642750,14.642750,14.642750,14.642750,
61,15.150530,15.149550,15.149550,15.149550,15.149550,15.149550,15.149550,15.149550,15.149550,15.149550,15.149550,15.149550,15.149550,15.149550,15.149550,15.149550,15.149550,15.149550,15.149550,15.149550,15.149550,15.149550,15.149550,15.149550,15.149550,15.149550,15.149550,15.149550,15.149550,15.149550,15.149550,15.149550,15.149550,15.149550,15.149550,15.149550,15.149550,15.149550,15.149550,15.149550,15.149550,15.149550,15.149550,15.149550,15.149550,15.149550,15.149550,15.149550,15.149550,
62,18.574050,18.574020,18.574020,18.574020,18.574020,18.574020,18.574020,18.574020,18.574020,18.574020,18.574020,18.574020,18.574020,18.574020,18.574020,18.574020,18.574020,18.574020,18.574020,18.574020,18.574020,18.574020,18.574020,18.574020,18.574020,18.574020,18.574020,18.574020,18.574020,18.574020,18.574020,18.574020,18.574020,18.574020,18.574020,18.574020,18.574020,18.574020,18.574020,18.574020,18.574020,18.574020,18.574020,18.574020,18.574020,18.574020,18.574020,18.574020,18.574020,
63,33.912860,33.912110,33.912110,33.912110,33.912110,33.912110,33.912110,33.912110,33.912110,33.912110,33.912110,33.912110,33.912110,33.912110,33.912110,33.912110,33.912110,33.912110,33.912110,33.912110,33.912110,33.912110,33.912110,33.912110,33.912110,33.912110,33.912110,33.912110,33.912110,33.912110,33.912110,33.912110,33.912110,33.912110,33.912110,33.912110,33.912110,33.912110,33.912110,33.912110,33.912110,33.912110,33.912110,33.912110,33.912110,33.912110,33.912110,33.912110,33.912110,
64,19.527430,19.527280,19.527280,19.527280,19.527280,19.527280,19.527280,19.527280,19.527280,19.527280,19.527280,19.527280,19.527280,19.527280,19.527280,19.527280,19.527280,19.527280,19.527280,19.527280,19.527280,19.527280,19.527280,19.527280,19.527280,19.527280,19.527280,19.527280,19.527280,19.527280,19.527280,19.527280,19.527280,19.527280,19.527280,19.527280,19.527280,19.527280,19.527280,19.527280,19.527280,19.527280,19.527280,19.527280,19.527280,19.527280,19.527280,19.527280,19.527280,
65,62.806300,62.805380,62.805380,62.805380,62.805380,62.805380,62.805380,62.805380,62.805380,62.805380,62.805380,62.805380,62.805380,62.805380,62.805380,62.805380,62.805380,62.805380,62.805380,62.805380,62.805380,62.805380,62.805380,62.805380,62.805380,62.805380,62.805380,62.805380,62.805380,62.805380,62.805380,62.805380,62.805380,62.805380,62.805380,62.805380,62.805380,62.805380,62.805380,62.805380,62.805380,62.805380,62.805380,62.805380,62.805380,62.805380,62.805380,62.805380,62.805380,
66,42.115570,42.114960,42.114960,42.114960,42.114960,42.114960,42.114960,42.114960,42.114960,42.114960,42.114960,42.114960,42.114960,42.114960,42.114960,42.114960,42.114960,42.114960,42.114960,42.114960,42.114960,42.114960,42.114960,42.114960,42.114960,42.114960,42.114960,42.114960,42.114960,42.114960,42.114960,42.114960,42.114960,42.114960,42.114960,42.114960,42.114960,42.114960,42.114960,42.114960,42.114960,42.114960,42.114960,42.114960,42.114960,42.114960,42.114960,42.114960,42.114960,
67,174.299100,174.299000,174.299000,174.299000,174.299000,174.299000,174.299000,174.299000,174.299000,174.299000,174.299000,174.299000,174.299000,174.299000,174.299000,174.299000,174.299000,174.299000,174.299000,174.299000,174.299000,174.299000,174.299000,174.299000,174.299000,174.299000,174.299000,174.299000,174.299000,174.299000,174.299000,174.299000,174.299000,174.299000,174.299000,174.299000,174.299000,174.299000,174.299000,174.299000,174.299000,174.299000,174.299000,174.299000,174.299000,174.299000,174.299000,174.299000,174.299000,
69,178.805100,178.805000,178.805000,178.805000,178.805000,178.805000,178.805000,178.805000,178.805000,178.805000,178.805000,178.805000,178.805000,178.805000,178.805000,178.805000,178.805000,178.805000,178.805000,178.805000,178.805000,178.805000,178.805000,178.805000,178.805000,178.805000,178.805000,178.805000,178.805000,178.805000,178.805000,178.805000,178.805000,178.805000,178.805000,178.805000,178.805000,178.805000,178.805000,178.805000,178.805000,178.805000,178.805000,178.805000,178.805000,178.805000,178.805000,178.805000,178.805000,
71,68.486240,68.486100,68.486100,68.486100,68.486100,68.486100,68.486100,68.486100,68.486100,68.486100,68.486100,68.486100,68.486100,68.486100,68.486100,68.486100,68.486100,68.486100,68.486100,68.486100,68.486100,68.486100,68.486100,68.486100,68.486100,68.486100,68.486100,68.486100,68.486100,68.486100,68.486100,68.486100,68.486100,68.486100,68.486100,68.486100,68.486100,68.486100,68.486100,68.486100,68.486100,68.486100,68.486100,68.486100,68.486100,68.486100,68.486100,68.486100,68.486100,
72,147.949800,147.950000,147.950000,147.950000,147.950000,147.950000,147.950000,147.950000,147.950000,147.950000,147.950000,147.950000,147.950000,147.950000,147.950000,147.950000,147.950000,147.950000,147.950000,147.950000,147.950000,147.950000,147.950000,147.950000,147.950000,147.950000,147.950000,147.950000,147.950000,147.950000,147.950000,147.950000,147.950000,147.950000,147.950000,147.950000,147.950000,147.950000,147.950000,147.950000,147.950000,147.950000,147.950000,147.950000,147.950000,147.950000,147.950000,147.950000,147.950000,
73,123.010800,123.010900,123.010900,123.010900,123.010900,123.010900,123.010900,123.010900,123.010900,123.010900,123.010900,123.010900,123.010900,123.010900,123.010900,123.010900,123.010900,123.010900,123.010900,123.010900,123.010900,123.010900,123.010900,123.010900,123.010900,123.010900,123.010900,123.010900,123.010900,123.010900,123.010900,123.010900,123.010900,123.010900,123.010900,123.010900,123.010900,123.010900,123.010900,123.010900,123.010900,123.010900,123.010900,123.010900,123.010900,123.010900,123.010900,123.010900,123.010900,
74,114.730800,114.730900,114.730900,114.730900,114.730900,114.730900,114.730900,114.730900,114.730900,114.730900,114.730900,114.730900,114.730900,114.730900,114.730900,114.730900,114.730900,114.730900,114.730900,114.730900,114.730900,114.730900,114.730900,114.730900,114.730900,114.730900,114.730900,114.730900,114.730900,114.730900,114.730900,114.730900,114.730900,114.730900,114.730900,114.730900,114.730900,114.730900,114.730900,114.730900,114.730900,114.730900,114.730900,114.730900,114.730900,114.730900,114.730900,114.730900,114.730900,
75,4.054873,4.054000,4.054000,4.054000,4.054000,4.054000,4.054000,4.054000,4.054000,4.054000,4.054000,4.054000,4.054000,4.054000,4.054000,4.054000,4.054000,4.054000,4.054000,4.054000,4.054000,4.054000,4.054000,4.054000,4.054000,4.054000,4.054000,4.054000,4.054000,4.054000,4.054000,4.054000,4.054000,4.054000,4.054000,4.054000,4.054000,4.054000,4.054000,4.054000,4.054000,4.054000,4.054000,4.054000,4.054000,4.054000,4.054000,4.054000,4.054000,
78,-47.937270,-47.938660,-47.938660,-47.938660,-47.938660,-47.938660,-47.938660,-47.938660,-47.938660,-47.938660,-47.938660,-47.938660,-47.938660,-47.938660,-47.938660,-47.938660,-47.938660,-47.938660,-47.938660,-47.938660,-47.938660,-47.938660,-47.938660,-47.938660,-47.938660,-47.938660,-47.938660,-47.938660,-47.938660,-47.938660,-47.938660,-47.938660,-47.938660,-47.938660,-47.938660,-47.938660,-47.938660,-47.938660,-47.938660,-47.938660,-47.938660,-47.938660,-47.938660,-47.938660,-47.938660,-47.938660,-47.938660,-47.938660,-47.938660,
79,40.573280,40.574660,40.574660,40.574660,40.574660,40.574660,40.574660,40.574660,40.574660,40.574660,40.574660,40.574660,40.574660,40.574660,40.574660,40.574660,40.574660,40.574660,40.574660,40.574660,40.574660,40.574660,40.574660,40.574660,40.574660,40.574660,40.574660,40.574660,40.574660,40.574660,40.574660,40.574660,40.574660,40.574660,40.574660,40.574660,40.574660,40.574660,40.574660,40.574660,40.574660,40.574660,40.574660,40.574660,40.574660,40.574660,40.574660,40.574660,40.574660,
80,11.655490,11.649460,11.649460,11.649460,11.649460,11.649460,11.649460,11.649460,11.649460,11.649460,11.649460,11.649460,11.649460,11.649460,11.649460,11.649460,11.649460,11.649460,11.649460,11.649460,11.649460,11.649460,11.649460,11.649460,11.649460,11.649460,11.649460,11.649460,11.649460,11.649460,11.649460,11.649460,11.649460,11.649460,11.649460,11.649460,11.649460,11.649460,11.649460,11.649460,11.649460,11.649460,11.649460,11.649460,11.649460,11.649460,11.649460,11.649460,11.649460,
81,17.663490,17.665200,17.665200,17.665200,17.665200,17.665200,17.665200,17.665200,17.665200,17.665200,17.665200,17.665200,17.665200,17.665200,17.665200,17.665200,17.665200,17.665200,17.665200,17.665200,17.665200,17.665200,17.665200,17.665200,17.665200,17.665200,17.665200,17.665200,17.665200,17.665200,17.665200,17.665200,17.665200,17.665200,17.665200,17.665200,17.665200,17.665200,17.665200,17.665200,17.665200,17.665200,17.665200,17.665200,17.665200,17.665200,17.665200,17.665200,17.665200,
82,5.844539,5.839199,5.839199,5.839199,5.839199,5.839199,5.839199,5.839199,5.839199,5.839199,5.839199,5.839199,5.839199,5.839199,5.839199,5.839199,5.839199,5.839199,5.839199,5.839199,5.839199,5.839199,5.839199,5.839199,5.839199,5.839199,5.839199,5.839199,5.839199,5.839199,5.839199,5.839199,5.839199,5.839199,5.839199,5.839199,5.839199,5.839199,5.839199,5.839199,5.839199,5.839199,5.839199,5.839199,5.839199,5.839199,5.839199,5.839199,5.839199,
84,-9.235657,-9.235077,-9.235077,-9.235077,-9.235077,-9.235077,-9.235077,-9.235077,-9.235077,-9.235077,-9.235077,-9.235077,-9.235077,-9.235077,-9.235077,-9.235077,-9.235077,-9.235077,-9.235077,-9.235077,-9.235077,-9.235077,-9.235077,-9.235077,-9.235077,-9.235077,-9.235077,-9.235077,-9.235077,-9.235077,-9.235077,-9.235077,-9.235077,-9.235077,-9.235077,-9.235077,-9.235077,-9.235077,-9.235077,-9.235077,-9.235077,-9.235077,-9.235077,-9.235077,-9.235077,-9.235077,-9.235077,-9.235077,-9.235077,
85,2.459059,2.458704,2.458704,2.458704,2.458704,2.458704,2.458704,2.458704,2.458704,2.458704,2.458704,2.458704,2.458704,2.458704,2.458704,2.458704,2.458704,2.458704,2.458704,2.458704,2.458704,2.458704,2.458704,2.458704,2.458704,2.458704,2.458704,2.458704,2.458704,2.458704,2.458704,2.458704,2.458704,2.458704,2.458704,2.458704,2.458704,2.458704,2.458704,2.458704,2.458704,2.458704,2.458704,2.458704,2.458704,2.458704,2.458704,2.458704,2.458704,
86,-20.917600,-20.917060,-20.917060,-20.917060,-20.917060,-20.917060,-20.917060,-20.917060,-20.917060,-20.917060,-20.917060,-20.917060,-20.917060,-20.917060,-20.917060,-20.917060,-20.917060,-20.917060,-20.917060,-20.917060,-20.917060,-20.917060,-20.917060,-20.917060,-20.917060,-20.917060,-20.917060,-20.917060,-20.917060,-20.917060,-20.917060,-20.917060,-20.917060,-20.917060,-20.917060,-20.917060,-20.917060,-20.917060,-20.917060,-20.917060,-20.917060,-20.917060,-20.917060,-20.917060,-20.917060,-20.917060,-20.917060,-20.917060,-20.917060,
89,-17.238150,-17.237080,-17.237080,-17.237080,-17.237080,-17.237080,-17.237080,-17.237080,-17.237080,-17.237080,-17.237080,-17.237080,-17.237080,-17.237080,-17.237080,-17.237080,-17.237080,-17.237080,-17.237080,-17.237080,-17.237080,-17.237080,-17.237080,-17.237080,-17.237080,-17.237080,-17.237080,-17.237080,-17.237080,-17.237080,-17.237080,-17.237080,-17.237080,-17.237080,-17.237080,-17.237080,-17.237080,-17.237080,-17.237080,-17.237080,-17.237080,-17.237080,-17.237080,-17.237080,-17.237080,-17.237080,-17.237080,-17.237080,-17.237080,
91,-6.592294,-6.589499,-6.589499,-6.589499,-6.589499,-6.589499,-6.589499,-6.589499,-6.589499,-6.589499,-6.589499,-6.589499,-6.589499,-6.589499,-6.589499,-6.589499,-6.589499,-6.589499,-6.589499,-6.589499,-6.589499,-6.589499,-6.589499,-6.589499,-6.589499,-6.589499,-6.589499,-6.589499,-6.589499,-6.589499,-6.589499,-6.589499,-6.589499,-6.589499,-6.589499,-6.589499,-6.589499,-6.589499,-6.589499,-6.589499,-6.589499,-6.589499,-6.589499,-6.589499,-6.589499,-6.589499,-6.589499,-6.589499,-6.589499,
93,-37.386620,-37.386720,-37.386720,-37.386720,-37.386720,-37.386720,-37.386720,-37.386720,-37.386720,-37.386720,-37.386720,-37.386720,-37.386720,-37.386720,-37.386720,-37.386720,-37.386720,-37.386720,-37.386720,-37.386720,-37.386720,-37.386720,-37.386720,-37.386720,-37.386720,-37.386720,-37.386720,-37.386720,-37.386720,-37.386720,-37.386720,-37.386720,-37.386720,-37.386720,-37.386720,-37.386720,-37.386720,-37.386720,-37.386720,-37.386720,-37.386720,-37.386720,-37.386720,-37.386720,-37.386720,-37.386720,-37.386720,-37.386720,-37.386720,
94,275.862600,275.862900,275.862900,275.862900,275.862900,275.862900,275.862900,275.862900,275.862900,275.862900,275.862900,275.862900,275.862900,275.862900,275.862900,275.862900,275.862900,275.862900,275.862900,275.862900,275.862900,275.862900,275.862900,275.862900,275.862900,275.862900,275.862900,275.862900,275.862900,275.862900,275.862900,275.862900,275.862900,275.862900,275.862900,275.862900,275.862900,275.862900,275.862900,275.862900,275.862900,275.862900,275.862900,275.862900,275.862900,275.862900,275.862900,275.862900,275.862900,
95,174.710700,174.709600,174.709600,174.709600,174.709600,174.709600,174.709600,174.709600,174.709600,174.709600,174.709600,174.709600,174.709600,174.709600,174.709600,174.709600,174.709600,174.709600,174.709600,174.709600,174.709600,174.709600,174.709600,174.709600,174.709600,174.709600,174.709600,174.709600,174.709600,174.709600,174.709600,174.709600,174.709600,174.709600,174.709600,174.709600,174.709600,174.709600,174.709600,174.709600,174.709600,174.709600,174.709600,174.709600,174.709600,174.709600,174.709600,174.709600,174.709600,
96,250.955300,250.955100,250.955100,250.955100,250.955100,250.955100,250.955100,250.955100,250.955100,250.955100,250.955100,250.955100,250.955100,250.955100,250.955100,250.955100,250.955100,250.955100,250.955100,250.955100,250.955100,250.955100,250.955100,250.955100,250.955100,250.955100,250.955100,250.955100,250.955100,250.955100,250.955100,250.955100,250.955100,250.955100,250.955100,250.955100,250.955100,250.955100,250.955100,250.955100,250.955100,250.955100,250.955100,250.955100,250.955100,250.955100,250.955100,250.955100,250.955100,
97,263.345300,263.345100,263.345100,263.345100,263.345100,263.345100,263.345100,263.345100,263.345100,263.345100,263.345100,263.345100,263.345100,263.345100,263.345100,263.345100,263.345100,263.345100,263.345100,263.345100,263.345100,263.345100,263.345100,263.345100,263.345100,263.345100,263.345100,263.345100,263.345100,263.345100,263.345100,263.345100,263.345100,263.345100,263.345100,263.345100,263.345100,263.345100,263.345100,263.345100,263.345100,263.345100,263.345100,263.345100,263.345100,263.345100,263.345100,263.345100,263.345100,
99,2.560349,2.558795,2.558795,2.558795,2.558795,2.558795,2.558795,2.558795,2.558795,2.558795,2.558795,2.558795,2.558795,2.558795,2.558795,2.558795,2.558795,2.558795,2.558795,2.558795,2.558795,2.558795,2.558795,2.558795,2.558795,2.558795,2.558795,2.558795,2.558795,2.558795,2.558795,2.558795,2.558795,2.558795,2.558795,2.558795,2.558795,2.558795,2.558795,2.558795,2.558795,2.558795,2.558795,2.558795,2.558795,2.558795,2.558795,2.558795,2.558795,
100,7.406897,7.406691,7.406691,7.406691,7.406691,7.406691,7.406691,7.406691,7.406691,7.406691,7.406691,7.406691,7.406691,7.406691,7.406691,7.406691,7.406691,7.406691,7.406691,7.406691,7.406691,7.406691,7.406691,7.406691,7.406691,7.406691,7.406691,7.406691,7.406691,7.406691,7.406691,7.406691,7.406691,7.406691,7.406691,7.406691,7.406691,7.406691,7.406691,7.406691,7.406691,7.406691,7.406691,7.406691,7.406691,7.406691,7.406691,7.406691,7.406691,
101,10.563310,10.563430,10.563430,10.563430,10.563430,10.563430,10.563430,10.563430,10.563430,10.563430,10.563430,10.563430,10.563430,10.563430,10.563430,10.563430,10.563430,10.563430,10.563430,10.563430,10.563430,10.563430,10.563430,10.563430,10.563430,10.563430,10.563430,10.563430,10.563430,10.563430,10.563430,10.563430,10.563430,10.563430,10.563430,10.563430,10.563430,10.563430,10.563430,10.563430,10.563430,10.563430,10.563430,10.563430,10.563430,10.563430,10.563430,10.563430,10.563430,
102,23.490500,23.490020,23.490020,23.490020,23.490020,23.490020,23.490020,23.490020,23.490020,23.490020,23.490020,23.490020,23.490020,23.490020,23.490020,23.490020,23.490020,23.490020,23.490020,23.490020,23.490020,23.490020,23.490020,23.490020,23.490020,23.490020,23.490020,23.490020,23.490020,23.490020,23.490020,23.490020,23.490020,23.490020,23.490020,23.490020,23.490020,23.490020,23.490020,23.490020,23.490020,23.490020,23.490020,23.490020,23.490020,23.490020,23.490020,23.490020,23.490020,
103,65.238910,65.238230,65.238230,65.238230,65.238230,65.238230,65.238230,65.238230,65.238230,65.238230,65.238230,65.238230,65.238230,65.238230,65.238230,65.238230,65.238230,65.238230,65.238230,65.238230,65.238230,65.238230,65.238230,65.238230,65.238230,65.238230,65.238230,65.238230,65.238230,65.238230,65.238230,65.238230,65.238230,65.238230,65.238230,65.238230,65.238230,65.238230,65.238230,65.238230,65.238230,65.238230,65.238230,65.238230,65.238230,65.238230,65.238230,65.238230,65.238230,
104,453.650000,453.648700,453.648700,453.648700,453.648700,453.648700,453.648700,453.648700,453.648700,453.648700,453.648700,453.648700,453.648700,453.648700,453.648700,453.648700,453.648700,453.648700,453.648700,453.648700,453.648700,453.648700,453.648700,453.648700,453.648700,453.648700,453.648700,453.648700,453.648700,453.648700,453.648700,453.648700,453.648700,453.648700,453.648700,453.648700,453.648700,453.648700,453.648700,453.648700,453.648700,453.648700,453.648700,453.648700,453.648700,453.648700,453.648700,453.648700,453.648700,
105,-16.407600,-16.407080,-16.407080,-16.407080,-16.407080,-16.407080,-16.407080,-16.407080,-16.407080,-16.407080,-16.407080,-16.407080,-16.407080,-16.407080,-16.407080,-16.407080,-16.407080,-16.407080,-16.407080,-16.407080,-16.407080,-16.407080,-16.407080,-16.407080,-16.407080,-16.407080,-16.407080,-16.407080,-16.407080,-16.407080,-16.407080,-16.407080,-16.407080,-16.407080,-16.407080,-16.407080,-16.407080,-16.407080,-16.407080,-16.407080,-16.407080,-16.407080,-16.407080,-16.407080,-16.407080,-16.407080,-16.407080,-16.407080,-16.407080,
106,-20.612060,-20.611980,-20.611980,-20.611980,-20.611980,-20.611980,-20.611980,-20.611980,-20.611980,-20.611980,-20.611980,-20.611980,-20.611980,-20.611980,-20.611980,-20.611980,-20.611980,-20.611980,-20.611980,-20.611980,-20.611980,-20.611980,-20.611980,-20.611980,-20.611980,-20.611980,-20.611980,-20.611980,-20.611980,-20.611980,-20.611980,-20.611980,-20.611980,-20.611980,-20.611980,-20.611980,-20.611980,-20.611980,-20.611980,-20.611980,-20.611980,-20.611980,-20.611980,-20.611980,-20.611980,-20.611980,-20.611980,-20.611980,-20.611980,
108,-37.742970,-37.743590,-37.743590,-37.743590,-37.743590,-37.743590,-37.743590,-37.743590,-37.743590,-37.743590,-37.743590,-37.743590,-37.743590,-37.743590,-37.743590,-37.743590,-37.743590,-37.743590,-37.743590,-37.743590,-37.743590,-37.743590,-37.743590,-37.743590,-37.743590,-37.743590,-37.743590,-37.743590,-37.743590,-37.743590,-37.743590,-37.743590,-37.743590,-37.743590,-37.743590,-37.743590,-37.743590,-37.743590,-37.743590,-37.743590,-37.743590,-37.743590,-37.743590,-37.743590,-37.743590,-37.743590,-37.743590,-37.743590,-37.743590,
109,-75.528100,-75.528660,-75.528660,-75.528660,-75.528660,-75.528660,-75.528660,-75.528660,-75.528660,-75.528660,-75.528660,-75.528660,-75.528660,-75.528660,-75.528660,-75.528660,-75.528660,-75.528660,-75.528660,-75.528660,-75.528660,-75.528660,-75.528660,-75.528660,-75.528660,-75.528660,-75.528660,-75.528660,-75.528660,-75.528660,-75.528660,-75.528660,-75.528660,-75.528660,-75.528660,-75.528660,-75.528660,-75.528660,-75.528660,-75.528660,-75.528660,-75.528660,-75.528660,-75.528660,-75.528660,-75.528660,-75.528660,-75.528660,-75.528660,
110,1.509926,1.517576,1.517576,1.517576,1.517576,1.517576,1.517576,1.517576,1.517576,1.517576,1.517576,1.517576,1.517576,1.517576,1.517576,1.517576,1.517576,1.517576,1.517576,1.517576,1.517576,1.517576,1.517576,1.517576,1.517576,1.517576,1.517576,1.517576,1.517576,1.517576,1.517576,1.517576,1.517576,1.517576,1.517576,1.517576,1.517576,1.517576,1.517576,1.517576,1.517576,1.517576,1.517576,1.517576,1.517576,1.517576,1.517576,1.517576,1.517576,
111,6.781744,6.780628,6.780628,6.780628,6.780628,6.780628,6.780628,6.780628,6.780628,6.780628,6.780628,6.780628,6.780628,6.780628,6.780628,6.780628,6.780628,6.780628,6.780628,6.780628,6.780628,6.780628,6.780628,6.780628,6.780628,6.780628,6.780628,6.780628,6.780628,6.780628,6.780628,6.780628,6.780628,6.780628,6.780628,6.780628,6.780628,6.780628,6.780628,6.780628,6.780628,6.780628,6.780628,6.780628,6.780628,6.780628,6.780628,6.780628,6.780628,
112,12.916540,12.914630,12.914630,12.914630,12.914630,12.914630,12.914630,12.914630,12.914630,12.914630,12.914630,12.914630,12.914630,12.914630,12.914630,12.914630,12.914630,12.914630,12.914630,12.914630,12.914630,12.914630,12.914630,12.914630,12.914630,12.914630,12.914630,12.914630,12.914630,12.914630,12.914630,12.914630,12.914630,12.914630,12.914630,12.914630,12.914630,12.914630,12.914630,12.914630,12.914630,12.914630,12.914630,12.914630,12.914630,12.914630,12.914630,12.914630,12.914630,
113,55.774430,55.774220,55.774220,55.774220,55.774220,55.774220,55.774220,55.774220,55.774220,55.774220,55.774220,55.774220,55.774220,55.774220,55.774220,55.774220,55.774220,55.774220,55.774220,55.774220,55.774220,55.774220,55.774220,55.774220,55.774220,55.774220,55.774220,55.774220,55.774220,55.774220,55.774220,55.774220,55.774220,55.774220,55.774220,55.774220,55.774220,55.774220,55.774220,55.774220,55.774220,55.774220,55.774220,55.774220,55.774220,55.774220,55.774220,55.774220,55.774220,
114,-19.177890,-19.177510,-19.177510,-19.177510,-19.177510,-19.177510,-19.177510,-19.177510,-19.177510,-19.177510,-19.177510,-19.177510,-19.177510,-19.177510,-19.177510,-19.177510,-19.177510,-19.177510,-19.177510,-19.177510,-19.177510,-19.177510,-19.177510,-19.177510,-19.177510,-19.177510,-19.177510,-19.177510,-19.177510,-19.177510,-19.177510,-19.177510,-19.177510,-19.177510,-19.177510,-19.177510,-19.177510,-19.177510,-19.177510,-19.177510,-19.177510,-19.177510,-19.177510,-19.177510,-19.177510,-19.177510,-19.177510,-19.177510,-19.177510,
115,-25.274660,-25.274930,-25.274930,-25.274930,-25.274930,-25.274930,-25.274930,-25.274930,-25.274930,-25.274930,-25.274930,-25.274930,-25.274930,-25.274930,-25.274930,-25.274930,-25.274930,-25.274930,-25.274930,-25.274930,-25.274930,-25.274930,-25.274930,-25.274930,-25.274930,-25.274930,-25.274930,-25.274930,-25.274930,-25.274930,-25.274930,-25.274930,-25.274930,-25.274930,-25.274930,-25.274930,-25.274930,-25.274930,-25.274930,-25.274930,-25.274930,-25.274930,-25.274930,-25.274930,-25.274930,-25.274930,-25.274930,-25.274930,-25.274930,
116,4.961535,4.960742,4.960742,4.960742,4.960742,4.960742,4.960742,4.960742,4.960742,4.960742,4.960742,4.960742,4.960742,4.960742,4.960742,4.960742,4.960742,4.960742,4.960742,4.960742,4.960742,4.960742,4.960742,4.960742,4.960742,4.960742,4.960742,4.960742,4.960742,4.960742,4.960742,4.960742,4.960742,4.960742,4.960742,4.960742,4.960742,4.960742,4.960742,4.960742,4.960742,4.960742,4.960742,4.960742,4.960742,4.960742,4.960742,4.960742,4.960742,
118,73.041730,73.042430,73.042430,73.042430,73.042430,73.042430,73.042430,73.042430,73.042430,73.042430,73.042430,73.042430,73.042430,73.042430,73.042430,73.042430,73.042430,73.042430,73.042430,73.042430,73.042430,73.042430,73.042430,73.042430,73.042430,73.042430,73.042430,73.042430,73.042430,73.042430,73.042430,73.042430,73.042430,73.042430,73.042430,73.042430,73.042430,73.042430,73.042430,73.042430,73.042430,73.042430,73.042430,73.042430,73.042430,73.042430,73.042430,73.042430,73.042430,
119,-134.396500,-134.396900,-134.396900,-134.396900,-134.396900,-134.396900,-134.396900,-134.396900,-134.396900,-134.396900,-134.396900,-134.396900,-134.396900,-134.396900,-134.396900,-134.396900,-134.396900,-134.396900,-134.396900,-134.396900,-134.396900,-134.396900,-134.396900,-134.396900,-134.396900,-134.396900,-134.396900,-134.396900,-134.396900,-134.396900,-134.396900,-134.396900,-134.396900,-134.396900,-134.396900,-134.396900,-134.396900,-134.396900,-134.396900,-134.396900,-134.396900,-134.396900,-134.396900,-134.396900,-134.396900,-134.396900,-134.396900,-134.396900,-134.396900,
120,22.613210,22.613510,22.613510,22.613510,22.613510,22.613510,22.613510,22.613510,22.613510,22.613510,22.613510,22.613510,22.613510,22.613510,22.613510,22.613510,22.613510,22.613510,22.613510,22.613510,22.613510,22.613510,22.613510,22.613510,22.613510,22.613510,22.613510,22.613510,22.613510,22.613510,22.613510,22.613510,22.613510,22.613510,22.613510,22.613510,22.613510,22.613510,22.613510,22.613510,22.613510,22.613510,22.613510,22.613510,22.613510,22.613510,22.613510,22.613510,22.613510,
121,63.515770,63.516430,63.516430,63.516430,63.516430,63.516430,63.516430,63.516430,63.516430,63.516430,63.516430,63.516430,63.516430,63.516430,63.516430,63.516430,63.516430,63.516430,63.516430,63.516430,63.516430,63.516430,63.516430,63.516430,63.516430,63.516430,63.516430,63.516430,63.516430,63.516430,63.516430,63.516430,63.516430,63.516430,63.516430,63.516430,63.516430,63.516430,63.516430,63.516430,63.516430,63.516430,63.516430,63.516430,63.516430,63.516430,63.516430,63.516430,63.516430,
122,69.695760,69.696430,69.696430,69.696430,69.696430,69.696430,69.696430,69.696430,69.696430,69.696430,69.696430,69.696430,69.696430,69.696430,69.696430,69.696430,69.696430,69.696430,69.696430,69.696430,69.696430,69.696430,69.696430,69.696430,69.696430,69.696430,69.696430,69.696430,69.696430,69.696430,69.696430,69.696430,69.696430,69.696430,69.696430,69.696430,69.696430,69.696430,69.696430,69.696430,69.696430,69.696430,69.696430,69.696430,69.696430,69.696430,69.696430,69.696430,69.696430,
126,10.234880,10.235670,10.235670,10.235670,10.235670,10.235670,10.235670,10.235670,10.235670,10.235670,10.235670,10.235670,10.235670,10.235670,10.235670,10.235670,10.235670,10.235670,10.235670,10.235670,10.235670,10.235670,10.235670,10.235670,10.235670,10.235670,10.235670,10.235670,10.235670,10.235670,10.235670,10.235670,10.235670,10.235670,10.235670,10.235670,10.235670,10.235670,10.235670,10.235670,10.235670,10.235670,10.235670,10.235670,10.235670,10.235670,10.235670,10.235670,10.235670,
127,34.934020,34.932550,34.932550,34.932550,34.932550,34.932550,34.932550,34.932550,34.932550,34.932550,34.932550,34.932550,34.932550,34.932550,34.932550,34.932550,34.932550,34.932550,34.932550,34.932550,34.932550,34.932550,34.932550,34.932550,34.932550,34.932550,34.932550,34.932550,34.932550,34.932550,34.932550,34.932550,34.932550,34.932550,34.932550,34.932550,34.932550,34.932550,34.932550,34.932550,34.932550,34.932550,34.932550,34.932550,34.932550,34.932550,34.932550,34.932550,34.932550,
128,76.585170,76.582280,76.582280,76.582280,76.582280,76.582280,76.582280,76.582280,76.582280,76.582280,76.582280,76.582280,76.582280,76.582280,76.582280,76.582280,76.582280,76.582280,76.582280,76.582280,76.582280,76.582280,76.582280,76.582280,76.582280,76.582280,76.582280,76.582280,76.582280,76.582280,76.582280,76.582280,76.582280,76.582280,76.582280,76.582280,76.582280,76.582280,76.582280,76.582280,76.582280,76.582280,76.582280,76.582280,76.582280,76.582280,76.582280,76.582280,76.582280,
129,213.616100,213.617300,213.617300,213.617300,213.617300,213.617300,213.617300,213.617300,213.617300,213.617300,213.617300,213.617300,213.617300,213.617300,213.617300,213.617300,213.617300,213.617300,213.617300,213.617300,213.617300,213.617300,213.617300,213.617300,213.617300,213.617300,213.617300,213.617300,213.617300,213.617300,213.617300,213.617300,213.617300,213.617300,213.617300,213.617300,213.617300,213.617300,213.617300,213.617300,213.617300,213.617300,213.617300,213.617300,213.617300,213.617300,213.617300,213.617300,213.617300,
130,125.883100,125.880800,125.880800,125.880800,125.880800,125.880800,125.880800,125.880800,125.880800,125.880800,125.880800,125.880800,125.880800,125.880800,125.880800,125.880800,125.880800,125.880800,125.880800,125.880800,125.880800,125.880800,125.880800,125.880800,125.880800,125.880800,125.880800,125.880800,125.880800,125.880800,125.880800,125.880800,125.880800,125.880800,125.880800,125.880800,125.880800,125.880800,125.880800,125.880800,125.880800,125.880800,125.880800,125.880800,125.880800,125.880800,125.880800,125.880800,125.880800,
131,61.551460,61.549770,61.549770,61.549770,61.549770,61.549770,61.549770,61.549770,61.549770,61.549770,61.549770,61.549770,61.549770,61.549770,61.549770,61.549770,61.549770,61.549770,61.549770,61.549770,61.549770,61.549770,61.549770,61.549770,61.549770,61.549770,61.549770,61.549770,61.549770,61.549770,61.549770,61.549770,61.549770,61.549770,61.549770,61.549770,61.549770,61.549770,61.549770,61.549770,61.549770,61.549770,61.549770,61.549770,61.549770,61.549770,61.549770,61.549770,61.549770,
133,159.247100,159.246600,159.246600,159.246600,159.246600,159.246600,159.246600,159.246600,159.246600,159.246600,159.246600,159.246600,159.246600,159.246600,159.246600,159.246600,159.246600,159.246600,159.246600,159.246600,159.246600,159.246600,159.246600,159.246600,159.246600,159.246600,159.246600,159.246600,159.246600,159.246600,159.246600,159.246600,159.246600,159.246600,159.246600,159.246600,159.246600,159.246600,159.246600,159.246600,159.246600,159.246600,159.246600,159.246600,159.246600,159.246600,159.246600,159.246600,159.246600,
134,292.169400,292.170300,292.170300,292.170300,292.170300,292.170300,292.170300,292.170300,292.170300,292.170300,292.170300,292.170300,292.170300,292.170300,292.170300,292.170300,292.170300,292.170300,292.170300,292.170300,292.170300,292.170300,292.170300,292.170300,292.170300,292.170300,292.170300,292.170300,292.170300,292.170300,292.170300,292.170300,292.170300,292.170300,292.170300,292.170300,292.170300,292.170300,292.170300,292.170300,292.170300,292.170300,292.170300,292.170300,292.170300,292.170300,292.170300,292.170300,292.170300,
135,294.410500,294.411000,294.411000,294.411000,294.411000,294.411000,294.411000,294.411000,294.411000,294.411000,294.411000,294.411000,294.411000,294.411000,294.411000,294.411000,294.411000,294.411000,294.411000,294.411000,294.411000,294.411000,294.411000,294.411000,294.411000,294.411000,294.411000,294.411000,294.411000,294.411000,294.411000,294.411000,294.411000,294.411000,294.411000,294.411000,294.411000,294.411000,294.411000,294.411000,294.411000,294.411000,294.411000,294.411000,294.411000,294.411000,294.411000,294.411000,294.411000,
136,592.517800,592.519300,592.519300,592.519300,592.519300,592.519300,592.519300,592.519300,592.519300,592.519300,592.519300,592.519300,592.519300,592.519300,592.519300,592.519300,592.519300,592.519300,592.519300,592.519300,592.519300,592.519300,592.519300,592.519300,592.519300,592.519300,592.519300,592.519300,592.519300,592.519300,592.519300,592.519300,592.519300,592.519300,592.519300,592.519300,592.519300,592.519300,592.519300,592.519300,592.519300,592.519300,592.519300,592.519300,592.519300,592.519300,592.519300,592.519300,592.519300,
137,4.640833,4.641666,4.641666,4.641666,4.641666,4.641666,4.641666,4.641666,4.641666,4.641666,4.641666,4.641666,4.641666,4.641666,4.641666,4.641666,4.641666,4.641666,4.641666,4.641666,4.641666,4.641666,4.641666,4.641666,4.641666,4.641666,4.641666,4.641666,4.641666,4.641666,4.641666,4.641666,4.641666,4.641666,4.641666,4.641666,4.641666,4.641666,4.641666,4.641666,4.641666,4.641666,4.641666,4.641666,4.641666,4.641666,4.641666,4.641666,4.641666,
138,7.176890,7.174886,7.174886,7.174886,7.174886,7.174886,7.174886,7.174886,7.174886,7.174886,7.174886,7.174886,7.174886,7.174886,7.174886,7.174886,7.174886,7.174886,7.174886,7.174886,7.174886,7.174886,7.174886,7.174886,7.174886,7.174886,7.174886,7.174886,7.174886,7.174886,7.174886,7.174886,7.174886,7.174886,7.174886,7.174886,7.174886,7.174886,7.174886,7.174886,7.174886,7.174886,7.174886,7.174886,7.174886,7.174886,7.174886,7.174886,7.174886,
139,32.585040,32.583720,32.583720,32.583720,32.583720,32.583720,32.583720,32.583720,32.583720,32.583720,32.583720,32.583720,32.583720,32.583720,32.583720,32.583720,32.583720,32.583720,32.583720,32.583720,32.583720,32.583720,32.583720,32.583720,32.583720,32.583720,32.583720,32.583720,32.583720,32.583720,32.583720,32.583720,32.583720,32.583720,32.583720,32.583720,32.583720,32.583720,32.583720,32.583720,32.583720,32.583720,32.583720,32.583720,32.583720,32.583720,32.583720,32.583720,32.583720,
140,71.579880,71.579830,71.579830,71.579830,71.579830,71.579830,71.579830,71.579830,71.579830,71.579830,71.579830,71.579830,71.579830,71.579830,71.579830,71.579830,71.579830,71.579830,71.579830,71.579830,71.579830,71.579830,71.579830,71.579830,71.579830,71.579830,71.579830,71.579830,71.579830,71.579830,71.579830,71.579830,71.579830,71.579830,71.579830,71.579830,71.579830,71.579830,71.579830,71.579830,71.579830,71.579830,71.579830,71.579830,71.579830,71.579830,71.579830,71.579830,71.579830,
141,7.056827,7.060772,7.060772,7.060772,7.060772,7.060772,7.060772,7.060772,7.060772,7.060772,7.060772,7.060772,7.060772,7.060772,7.060772,7.060772,7.060772,7.060772,7.060772,7.060772,7.060772,7.060772,7.060772,7.060772,7.060772,7.060772,7.060772,7.060772,7.060772,7.060772,7.060772,7.060772,7.060772,7.060772,7.060772,7.060772,7.060772,7.060772,7.060772,7.060772,7.060772,7.060772,7.060772,7.060772,7.060772,7.060772,7.060772,7.060772,7.060772,
142,19.681820,19.678530,19.678530,19.678530,19.678530,19.678530,19.678530,19.678530,19.678530,19.678530,19.678530,19.678530,19.678530,19.678530,19.678530,19.678530,19.678530,19.678530,19.678530,19.678530,19.678530,19.678530,19.678530,19.678530,19.678530,19.678530,19.678530,19.678530,19.678530,19.678530,19.678530,19.678530,19.678530,19.678530,19.678530,19.678530,19.678530,19.678530,19.678530,19.678530,19.678530,19.678530,19.678530,19.678530,19.678530,19.678530,19.678530,19.678530,19.678530,
143,1.686613,1.694438,1.694438,1.694438,1.694438,1.694438,1.694438,1.694438,1.694438,1.694438,1.694438,1.694438,1.694438,1.694438,1.694438,1.694438,1.694438,1.694438,1.694438,1.694438,1.694438,1.694438,1.694438,1.694438,1.694438,1.694438,1.694438,1.694438,1.694438,1.694438,1.694438,1.694438,1.694438,1.694438,1.694438,1.694438,1.694438,1.694438,1.694438,1.694438,1.694438,1.694438,1.694438,1.694438,1.694438,1.694438,1.694438,1.694438,1.694438,
144,8.526434,8.529873,8.529873,8.529873,8.529873,8.529873,8.529873,8.529873,8.529873,8.529873,8.529873,8.529873,8.529873,8.529873,8.529873,8.529873,8.529873,8.529873,8.529873,8.529873,8.529873,8.529873,8.529873,8.529873,8.529873,8.529873,8.529873,8.529873,8.529873,8.529873,8.529873,8.529873,8.529873,8.529873,8.529873,8.529873,8.529873,8.529873,8.529873,8.529873,8.529873,8.529873,8.529873,8.529873,8.529873,8.529873,8.529873,8.529873,8.529873,
145,14.264040,14.263980,14.263980,14.263980,14.263980,14.263980,14.263980,14.263980,14.263980,14.263980,14.263980,14.263980,14.263980,14.263980,14.263980,14.263980,14.263980,14.263980,14.263980,14.263980,14.263980,14.263980,14.263980,14.263980,14.263980,14.263980,14.263980,14.263980,14.263980,14.263980,14.263980,14.263980,14.263980,14.263980,14.263980,14.263980,14.263980,14.263980,14.263980,14.263980,14.263980,14.263980,14.263980,14.263980,14.263980,14.263980,14.263980,14.263980,14.263980,
146,0.863914,0.860641,0.860641,0.860641,0.860641,0.860641,0.860641,0.860641,0.860641,0.860641,0.860641,0.860641,0.860641,0.860641,0.860641,0.860641,0.860641,0.860641,0.860641,0.860641,0.860641,0.860641,0.860641,0.860641,0.860641,0.860641,0.860641,0.860641,0.860641,0.860641,0.860641,0.860641,0.860641,0.860641,0.860641,0.860641,0.860641,0.860641,0.860641,0.860641,0.860641,0.860641,0.860641,0.860641,0.860641,0.860641,0.860641,0.860641,0.860641,
147,21.840190,21.839470,21.839470,21.839470,21.839470,21.839470,21.839470,21.839470,21.839470,21.839470,21.839470,21.839470,21.839470,21.839470,21.839470,21.839470,21.839470,21.839470,21.839470,21.839470,21.839470,21.839470,21.839470,21.839470,21.839470,21.839470,21.839470,21.839470,21.839470,21.839470,21.839470,21.839470,21.839470,21.839470,21.839470,21.839470,21.839470,21.839470,21.839470,21.839470,21.839470,21.839470,21.839470,21.839470,21.839470,21.839470,21.839470,21.839470,21.839470,
148,-3.143448,-3.140806,-3.140806,-3.140806,-3.140806,-3.140806,-3.140806,-3.140806,-3.140806,-3.140806,-3.140806,-3.140806,-3.140806,-3.140806,-3.140806,-3.140806,-3.140806,-3.140806,-3.140806,-3.140806,-3.140806,-3.140806,-3.140806,-3.140806,-3.140806,-3.140806,-3.140806,-3.140806,-3.140806,-3.140806,-3.140806,-3.140806,-3.140806,-3.140806,-3.140806,-3.140806,-3.140806,-3.140806,-3.140806,-3.140806,-3.140806,-3.140806,-3.140806,-3.140806,-3.140806,-3.140806,-3.140806,-3.140806,-3.140806,
149,-30.988800,-30.986280,-30.986280,-30.986280,-30.986280,-30.986280,-30.986280,-30.986280,-30.986280,-30.986280,-30.986280,-30.986280,-30.986280,-30.986280,-30.986280,-30.986280,-30.986280,-30.986280,-30.986280,-30.986280,-30.986280,-30.986280,-30.986280,-30.986280,-30.986280,-30.986280,-30.986280,-30.986280,-30.986280,-30.986280,-30.986280,-30.986280,-30.986280,-30.986280,-30.986280,-30.986280,-30.986280,-30.986280,-30.986280,-30.986280,-30.986280,-30.986280,-30.986280,-30.986280,-30.986280,-30.986280,-30.986280,-30.986280,-30.986280,
150,63.846020,63.847110,63.847110,63.847110,63.847110,63.847110,63.847110,63.847110,63.847110,63.847110,63.847110,63.847110,63.847110,63.847110,63.847110,63.847110,63.847110,63.847110,63.847110,63.847110,63.847110,63.847110,63.847110,63.847110,63.847110,63.847110,63.847110,63.847110,63.847110,63.847110,63.847110,63.847110,63.847110,63.847110,63.847110,63.847110,63.847110,63.847110,63.847110,63.847110,63.847110,63.847110,63.847110,63.847110,63.847110,63.847110,63.847110,63.847110,63.847110,
151,-10.214620,-10.213440,-10.213440,-10.213440,-10.213440,-10.213440,-10.213440,-10.213440,-10.213440,-10.213440,-10.213440,-10.213440,-10.213440,-10.213440,-10.213440,-10.213440,-10.213440,-10.213440,-10.213440,-10.213440,-10.213440,-10.213440,-10.213440,-10.213440,-10.213440,-10.213440,-10.213440,-10.213440,-10.213440,-10.213440,-10.213440,-10.213440,-10.213440,-10.213440,-10.213440,-10.213440,-10.213440,-10.213440,-10.213440,-10.213440,-10.213440,-10.213440,-10.213440,-10.213440,-10.213440,-10.213440,-10.213440,-10.213440,-10.213440,
152,73.539570,73.540530,73.540530,73.540530,73.540530,73.540530,73.540530,73.540530,73.540530,73.540530,73.540530,73.540530,73.540530,73.540530,73.540530,73.540530,73.540530,73.540530,73.540530,73.540530,73.540530,73.540530,73.540530,73.540530,73.540530,73.540530,73.540530,73.540530,73.540530,73.540530,73.540530,73.540530,73.540530,73.540530,73.540530,73.540530,73.540530,73.540530,73.540530,73.540530,73.540530,73.540530,73.540530,73.540530,73.540530,73.540530,73.540530,73.540530,73.540530,
153,75.186660,75.187490,75.187490,75.187490,75.187490,75.187490,75.187490,75.187490,75.187490,75.187490,75.187490,75.187490,75.187490,75.187490,75.187490,75.187490,75.187490,75.187490,75.187490,75.187490,75.187490,75.187490,75.187490,75.187490,75.187490,75.187490,75.187490,75.187490,75.187490,75.187490,75.187490,75.187490,75.187490,75.187490,75.187490,75.187490,75.187490,75.187490,75.187490,75.187490,75.187490,75.187490,75.187490,75.187490,75.187490,75.187490,75.187490,75.187490,75.187490,
154,46.875620,46.875760,46.875760,46.875760,46.875760,46.875760,46.875760,46.875760,46.875760,46.875760,46.875760,46.875760,46.875760,46.875760,46.875760,46.875760,46.875760,46.875760,46.875760,46.875760,46.875760,46.875760,46.875760,46.875760,46.875760,46.875760,46.875760,46.875760,46.875760,46.875760,46.875760,46.875760,46.875760,46.875760,46.875760,46.875760,46.875760,46.875760,46.875760,46.875760,46.875760,46.875760,46.875760,46.875760,46.875760,46.875760,46.875760,46.875760,46.875760,
155,60.850400,60.850090,60.850090,60.850090,60.850090,60.850090,60.850090,60.850090,60.850090,60.850090,60.850090,60.850090,60.850090,60.850090,60.850090,60.850090,60.850090,60.850090,60.850090,60.850090,60.850090,60.850090,60.850090,60.850090,60.850090,60.850090,60.850090,60.850090,60.850090,60.850090,60.850090,60.850090,60.850090,60.850090,60.850090,60.850090,60.850090,60.850090,60.850090,60.850090,60.850090,60.850090,60.850090,60.850090,60.850090,60.850090,60.850090,60.850090,60.850090,
156,125.276200,125.277700,125.277700,125.277700,125.277700,125.277700,125.277700,125.277700,125.277700,125.277700,125.277700,125.277700,125.277700,125.277700,125.277700,125.277700,125.277700,125.277700,125.277700,125.277700,125.277700,125.277700,125.277700,125.277700,125.277700,125.277700,125.277700,125.277700,125.277700,125.277700,125.277700,125.277700,125.277700,125.277700,125.277700,125.277700,125.277700,125.277700,125.277700,125.277700,125.277700,125.277700,125.277700,125.277700,125.277700,125.277700,125.277700,125.277700,125.277700,
157,-6.817855,-6.809691,-6.809691,-6.809691,-6.809691,-6.809691,-6.809691,-6.809691,-6.809691,-6.809691,-6.809691,-6.809691,-6.809691,-6.809691,-6.809691,-6.809691,-6.809691,-6.809691,-6.809691,-6.809691,-6.809691,-6.809691,-6.809691,-6.809691,-6.809691,-6.809691,-6.809691,-6.809691,-6.809691,-6.809691,-6.809691,-6.809691,-6.809691,-6.809691,-6.809691,-6.809691,-6.809691,-6.809691,-6.809691,-6.809691,-6.809691,-6.809691,-6.809691,-6.809691,-6.809691,-6.809691,-6.809691,-6.809691,-6.809691,
158,1.528889,1.522239,1.522239,1.522239,1.522239,1.522239,1.522239,1.522239,1.522239,1.522239,1.522239,1.522239,1.522239,1.522239,1.522239,1.522239,1.522239,1.522239,1.522239,1.522239,1.522239,1.522239,1.522239,1.522239,1.522239,1.522239,1.522239,1.522239,1.522239,1.522239,1.522239,1.522239,1.522239,1.522239,1.522239,1.522239,1.522239,1.522239,1.522239,1.522239,1.522239,1.522239,1.522239,1.522239,1.522239,1.522239,1.522239,1.522239,1.522239,
159,-9.982675,-9.987453,-9.987453,-9.987453,-9.987453,-9.987453,-9.987453,-9.987453,-9.987453,-9.987453,-9.987453,-9.987453,-9.987453,-9.987453,-9.987453,-9.987453,-9.987453,-9.987453,-9.987453,-9.987453,-9.987453,-9.987453,-9.987453,-9.987453,-9.987453,-9.987453,-9.987453,-9.987453,-9.987453,-9.987453,-9.987453,-9.987453,-9.987453,-9.987453,-9.987453,-9.987453,-9.987453,-9.987453,-9.987453,-9.987453,-9.987453,-9.987453,-9.987453,-9.987453,-9.987453,-9.987453,-9.987453,-9.987453,-9.987453,
160,24.031670,24.033480,24.033480,24.033480,24.033480,24.033480,24.033480,24.033480,24.033480,24.033480,24.033480,24.033480,24.033480,24.033480,24.033480,24.033480,24.033480,24.033480,24.033480,24.033480,24.033480,24.033480,24.033480,24.033480,24.033480,24.033480,24.033480,24.033480,24.033480,24.033480,24.033480,24.033480,24.033480,24.033480,24.033480,24.033480,24.033480,24.033480,24.033480,24.033480,24.033480,24.033480,24.033480,24.033480,24.033480,24.033480,24.033480,24.033480,24.033480,
161,12.635060,12.621980,12.621980,12.621980,12.621980,12.621980,12.621980,12.621980,12.621980,12.621980,12.621980,12.621980,12.621980,12.621980,12.621980,12.621980,12.621980,12.621980,12.621980,12.621980,12.621980,12.621980,12.621980,12.621980,12.621980,12.621980,12.621980,12.621980,12.621980,12.621980,12.621980,12.621980,12.621980,12.621980,12.621980,12.621980,12.621980,12.621980,12.621980,12.621980,12.621980,12.621980,12.621980,12.621980,12.621980,12.621980,12.621980,12.621980,12.621980,
162,23.623030,23.625980,23.625980,23.625980,23.625980,23.625980,23.625980,23.625980,23.625980,23.625980,23.625980,23.625980,23.625980,23.625980,23.625980,23.625980,23.625980,23.625980,23.625980,23.625980,23.625980,23.625980,23.625980,23.625980,23.625980,23.625980,23.625980,23.625980,23.625980,23.625980,23.625980,23.625980,23.625980,23.625980,23.625980,23.625980,23.625980,23.625980,23.625980,23.625980,23.625980,23.625980,23.625980,23.625980,23.625980,23.625980,23.625980,23.625980,23.625980,
163,-17.533590,-17.533150,-17.533150,-17.533150,-17.533150,-17.533150,-17.533150,-17.533150,-17.533150,-17.533150,-17.533150,-17.533150,-17.533150,-17.533150,-17.533150,-17.533150,-17.533150,-17.533150,-17.533150,-17.533150,-17.533150,-17.533150,-17.533150,-17.533150,-17.533150,-17.533150,-17.533150,-17.533150,-17.533150,-17.533150,-17.533150,-17.533150,-17.533150,-17.533150,-17.533150,-17.533150,-17.533150,-17.533150,-17.533150,-17.533150,-17.533150,-17.533150,-17.533150,-17.533150,-17.533150,-17.533150,-17.533150,-17.533150,-17.533150,
164,23.435990,23.438830,23.438830,23.438830,23.438830,23.438830,23.438830,23.438830,23.438830,23.438830,23.438830,23.438830,23.438830,23.438830,23.438830,23.438830,23.438830,23.438830,23.438830,23.438830,23.438830,23.438830,23.438830,23.438830,23.438830,23.438830,23.438830,23.438830,23.438830,23.438830,23.438830,23.438830,23.438830,23.438830,23.438830,23.438830,23.438830,23.438830,23.438830,23.438830,23.438830,23.438830,23.438830,23.438830,23.438830,23.438830,23.438830,23.438830,23.438830,
165,48.756700,48.758630,48.758630,48.758630,48.758630,48.758630,48.758630,48.758630,48.758630,48.758630,48.758630,48.758630,48.758630,48.758630,48.758630,48.758630,48.758630,48.758630,48.758630,48.758630,48.758630,48.758630,48.758630,48.758630,48.758630,48.758630,48.758630,48.758630,48.758630,48.758630,48.758630,48.758630,48.758630,48.758630,48.758630,48.758630,48.758630,48.758630,48.758630,48.758630,48.758630,48.758630,48.758630,48.758630,48.758630,48.758630,48.758630,48.758630,48.758630,
166,-15.057770,-15.056020,-15.056020,-15.056020,-15.056020,-15.056020,-15.056020,-15.056020,-15.056020,-15.056020,-15.056020,-15.056020,-15.056020,-15.056020,-15.056020,-15.056020,-15.056020,-15.056020,-15.056020,-15.056020,-15.056020,-15.056020,-15.056020,-15.056020,-15.056020,-15.056020,-15.056020,-15.056020,-15.056020,-15.056020,-15.056020,-15.056020,-15.056020,-15.056020,-15.056020,-15.056020,-15.056020,-15.056020,-15.056020,-15.056020,-15.056020,-15.056020,-15.056020,-15.056020,-15.056020,-15.056020,-15.056020,-15.056020,-15.056020,
167,71.047160,71.048650,71.048650,71.048650,71.048650,71.048650,71.048650,71.048650,71.048650,71.048650,71.048650,71.048650,71.048650,71.048650,71.048650,71.048650,71.048650,71.048650,71.048650,71.048650,71.048650,71.048650,71.048650,71.048650,71.048650,71.048650,71.048650,71.048650,71.048650,71.048650,71.048650,71.048650,71.048650,71.048650,71.048650,71.048650,71.048650,71.048650,71.048650,71.048650,71.048650,71.048650,71.048650,71.048650,71.048650,71.048650,71.048650,71.048650,71.048650,
168,29.986830,29.982720,29.982720,29.982720,29.982720,29.982720,29.982720,29.982720,29.982720,29.982720,29.982720,29.982720,29.982720,29.982720,29.982720,29.982720,29.982720,29.982720,29.982720,29.982720,29.982720,29.982720,29.982720,29.982720,29.982720,29.982720,29.982720,29.982720,29.982720,29.982720,29.982720,29.982720,29.982720,29.982720,29.982720,29.982720,29.982720,29.982720,29.982720,29.982720,29.982720,29.982720,29.982720,29.982720,29.982720,29.982720,29.982720,29.982720,29.982720,
169,48.901530,48.899930,48.899930,48.899930,48.899930,48.899930,48.899930,48.899930,48.899930,48.899930,48.899930,48.899930,48.899930,48.899930,48.899930,48.899930,48.899930,48.899930,48.899930,48.899930,48.899930,48.899930,48.899930,48.899930,48.899930,48.899930,48.899930,48.899930,48.899930,48.899930,48.899930,48.899930,48.899930,48.899930,48.899930,48.899930,48.899930,48.899930,48.899930,48.899930,48.899930,48.899930,48.899930,48.899930,48.899930,48.899930,48.899930,48.899930,48.899930,
170,2.508804,2.502330,2.502330,2.502330,2.502330,2.502330,2.502330,2.502330,2.502330,2.502330,2.502330,2.502330,2.502330,2.502330,2.502330,2.502330,2.502330,2.502330,2.502330,2.502330,2.502330,2.502330,2.502330,2.502330,2.502330,2.502330,2.502330,2.502330,2.502330,2.502330,2.502330,2.502330,2.502330,2.502330,2.502330,2.502330,2.502330,2.502330,2.502330,2.502330,2.502330,2.502330,2.502330,2.502330,2.502330,2.502330,2.502330,2.502330,2.502330,
171,54.404180,54.405600,54.405600,54.405600,54.405600,54.405600,54.405600,54.405600,54.405600,54.405600,54.405600,54.405600,54.405600,54.405600,54.405600,54.405600,54.405600,54.405600,54.405600,54.405600,54.405600,54.405600,54.405600,54.405600,54.405600,54.405600,54.405600,54.405600,54.405600,54.405600,54.405600,54.405600,54.405600,54.405600,54.405600,54.405600,54.405600,54.405600,54.405600,54.405600,54.405600,54.405600,54.405600,54.405600,54.405600,54.405600,54.405600,54.405600,54.405600,
172,2.798163,2.798040,2.798040,2.798040,2.798040,2.798040,2.798040,2.798040,2.798040,2.798040,2.798040,2.798040,2.798040,2.798040,2.798040,2.798040,2.798040,2.798040,2.798040,2.798040,2.798040,2.798040,2.798040,2.798040,2.798040,2.798040,2.798040,2.798040,2.798040,2.798040,2.798040,2.798040,2.798040,2.798040,2.798040,2.798040,2.798040,2.798040,2.798040,2.798040,2.798040,2.798040,2.798040,2.798040,2.798040,2.798040,2.798040,2.798040,2.798040,
173,15.250280,15.250310,15.250310,15.250310,15.250310,15.250310,15.250310,15.250310,15.250310,15.250310,15.250310,15.250310,15.250310,15.250310,15.250310,15.250310,15.250310,15.250310,15.250310,15.250310,15.250310,15.250310,15.250310,15.250310,15.250310,15.250310,15.250310,15.250310,15.250310,15.250310,15.250310,15.250310,15.250310,15.250310,15.250310,15.250310,15.250310,15.250310,15.250310,15.250310,15.250310,15.250310,15.250310,15.250310,15.250310,15.250310,15.250310,15.250310,15.250310,
174,14.322270,14.322310,14.322310,14.322310,14.322310,14.322310,14.322310,14.322310,14.322310,14.322310,14.322310,14.322310,14.322310,14.322310,14.322310,14.322310,14.322310,14.322310,14.322310,14.322310,14.322310,14.322310,14.322310,14.322310,14.322310,14.322310,14.322310,14.322310,14.322310,14.322310,14.322310,14.322310,14.322310,14.322310,14.322310,14.322310,14.322310,14.322310,14.322310,14.322310,14.322310,14.322310,14.322310,14.322310,14.322310,14.322310,14.322310,14.322310,14.322310,
175,10.670250,10.670300,10.670300,10.670300,10.670300,10.670300,10.670300,10.670300,10.670300,10.670300,10.670300,10.670300,10.670300,10.670300,10.670300,10.670300,10.670300,10.670300,10.670300,10.670300,10.670300,10.670300,10.670300,10.670300,10.670300,10.670300,10.670300,10.670300,10.670300,10.670300,10.670300,10.670300,10.670300,10.670300,10.670300,10.670300,10.670300,10.670300,10.670300,10.670300,10.670300,10.670300,10.670300,10.670300,10.670300,10.670300,10.670300,10.670300,10.670300,
176,20.295830,20.295870,20.295870,20.295870,20.295870,20.295870,20.295870,20.295870,20.295870,20.295870,20.295870,20.295870,20.295870,20.295870,20.295870,20.295870,20.295870,20.295870,20.295870,20.295870,20.295870,20.295870,20.295870,20.295870,20.295870,20.295870,20.295870,20.295870,20.295870,20.295870,20.295870,20.295870,20.295870,20.295870,20.295870,20.295870,20.295870,20.295870,20.295870,20.295870,20.295870,20.295870,20.295870,20.295870,20.295870,20.295870,20.295870,20.295870,20.295870,
177,10.830690,10.830700,10.830700,10.830700,10.830700,10.830700,10.830700,10.830700,10.830700,10.830700,10.830700,10.830700,10.830700,10.830700,10.830700,10.830700,10.830700,10.830700,10.830700,10.830700,10.830700,10.830700,10.830700,10.830700,10.830700,10.830700,10.830700,10.830700,10.830700,10.830700,10.830700,10.830700,10.830700,10.830700,10.830700,10.830700,10.830700,10.830700,10.830700,10.830700,10.830700,10.830700,10.830700,10.830700,10.830700,10.830700,10.830700,10.830700,10.830700,
178,5.808292,5.808111,5.808111,5.808111,5.808111,5.808111,5.808111,5.808111,5.808111,5.808111,5.808111,5.808111,5.808111,5.808111,5.808111,5.808111,5.808111,5.808111,5.808111,5.808111,5.808111,5.808111,5.808111,5.808111,5.808111,5.808111,5.808111,5.808111,5.808111,5.808111,5.808111,5.808111,5.808111,5.808111,5.808111,5.808111,5.808111,5.808111,5.808111,5.808111,5.808111,5.808111,5.808111,5.808111,5.808111,5.808111,5.808111,5.808111,5.808111,
179,11.579490,11.577260,11.577260,11.577260,11.577260,11.577260,11.577260,11.577260,11.577260,11.577260,11.577260,11.577260,11.577260,11.577260,11.577260,11.577260,11.577260,11.577260,11.577260,11.577260,11.577260,11.577260,11.577260,11.577260,11.577260,11.577260,11.577260,11.577260,11.577260,11.577260,11.577260,11.577260,11.577260,11.577260,11.577260,11.577260,11.577260,11.577260,11.577260,11.577260,11.577260,11.577260,11.577260,11.577260,11.577260,11.577260,11.577260,11.577260,11.577260,
180,6.770947,6.770719,6.770719,6.770719,6.770719,6.770719,6.770719,6.770719,6.770719,6.770719,6.770719,6.770719,6.770719,6.770719,6.770719,6.770719,6.770719,6.770719,6.770719,6.770719,6.770719,6.770719,6.770719,6.770719,6.770719,6.770719,6.770719,6.770719,6.770719,6.770719,6.770719,6.770719,6.770719,6.770719,6.770719,6.770719,6.770719,6.770719,6.770719,6.770719,6.770719,6.770719,6.770719,6.770719,6.770719,6.770719,6.770719,6.770719,6.770719,
181,77.506310,77.505390,77.505390,77.505390,77.505390,77.505390,77.505390,77.505390,77.505390,77.505390,77.505390,77.505390,77.505390,77.505390,77.505390,77.505390,77.505390,77.505390,77.505390,77.505390,77.505390,77.505390,77.505390,77.505390,77.505390,77.505390,77.505390,77.505390,77.505390,77.505390,77.505390,77.505390,77.505390,77.505390,77.505390,77.505390,77.505390,77.505390,77.505390,77.505390,77.505390,77.505390,77.505390,77.505390,77.505390,77.505390,77.505390,77.505390,77.505390,
182,-34.576580,-34.576930,-34.576930,-34.576930,-34.576930,-34.576930,-34.576930,-34.576930,-34.576930,-34.576930,-34.576930,-34.576930,-34.576930,-34.576930,-34.576930,-34.576930,-34.576930,-34.576930,-34.576930,-34.576930,-34.576930,-34.576930,-34.576930,-34.576930,-34.576930,-34.576930,-34.576930,-34.576930,-34.576930,-34.576930,-34.576930,-34.576930,-34.576930,-34.576930,-34.576930,-34.576930,-34.576930,-34.576930,-34.576930,-34.576930,-34.576930,-34.576930,-34.576930,-34.576930,-34.576930,-34.576930,-34.576930,-34.576930,-34.576930,
183,10.849400,10.850560,10.850560,10.850560,10.850560,10.850560,10.850560,10.850560,10.850560,10.850560,10.850560,10.850560,10.850560,10.850560,10.850560,10.850560,10.850560,10.850560,10.850560,10.850560,10.850560,10.850560,10.850560,10.850560,10.850560,10.850560,10.850560,10.850560,10.850560,10.850560,10.850560,10.850560,10.850560,10.850560,10.850560,10.850560,10.850560,10.850560,10.850560,10.850560,10.850560,10.850560,10.850560,10.850560,10.850560,10.850560,10.850560,10.850560,10.850560,
184,-1111.406000,-1111.406000,-1111.406000,-1111.406000,-1111.406000,-1111.406000,-1111.406000,-1111.406000,-1111.406000,-1111.406000,-1111.406000,-1111.406000,-1111.406000,-1111.406000,-1111.406000,-1111.406000,-1111.406000,-1111.406000,-1111.406000,-1111.406000,-1111.406000,-1111.406000,-1111.406000,-1111.406000,-1111.406000,-1111.406000,-1111.406000,-1111.406000,-1111.406000,-1111.406000,-1111.406000,-1111.406000,-1111.406000,-1111.406000,-1111.406000,-1111.406000,-1111.406000,-1111.406000,-1111.406000,-1111.406000,-1111.406000,-1111.406000,-1111.406000,-1111.406000,-1111.406000,-1111.406000,-1111.406000,-1111.406000,-1111.406000,
Total,15901.68,15901.62,15901.62,15901.62,15901.62,15901.62,15901.62,15901.62,15901.62,15901.62,15901.62,15901.62,15901.62,15901.62,15901.62,15901.62,15901.62,15901.62,15901.62,15901.62,15901.62,15901.62,15901.62,15901.62,15901.62,15901.62,15901.62,15901.62,15901.62,15901.62,15901.62,15901.62,15901.62,15901.62,15901.62,15901.62,15901.62,15901.62,15901.62,15901.62,15901.62,15901.62,15901.62,15901.62,15901.62,15901.62,15901.62,15901.62,15901.62,
